ID,wt,pos,mt,mutation,splitting,A549_p53WT_Nutlin-3_Z-score,BLAJ010101,GIAG010101,PP:6.00,MEHP950102,BONM030105,ITd_Ionic,Inter-PP:1.50,ITIonic,label
0,E,2,A,E2A,training,-0.391482836,0.0,5.7,185,0.63,5.0,0.0,0,0.0,functional
1,E,2,D,E2D,training,-0.609625246,5.0,2.7,185,0.58,5.9,0.0,0,0.0,functional
2,E,2,G,E2G,training,-0.492106072,0.0,0.0,185,0.87,5.6,0.0,0,0.0,functional
3,E,2,K,E2K,training,-0.353016466,6.0,-1.7,185,0.78,5.8,0.0,0,0.0,functional
4,E,2,Q,E2Q,training,-0.3200887,5.0,1.5,185,0.73,5.7,0.0,0,0.0,functional
5,E,2,V,E2V,training,-0.454295966,-6.0,-0.1,185,1.08,5.4,0.0,0,0.0,functional
6,E,3,A,E3A,training,-0.325176542,0.0,5.7,220,0.63,5.0,0.0,0,0.0,functional
7,E,3,D,E3D,training,-0.581651727,5.0,2.7,220,0.58,5.9,0.0,0,0.0,functional
8,E,3,K,E3K,training,-0.509643486,6.0,-1.7,220,0.78,5.8,0.0,0,0.0,functional
9,E,3,Q,E3Q,training,-0.573650658,5.0,1.5,220,0.73,5.7,0.0,0,0.0,functional
10,E,3,V,E3V,training,-0.705946913,-6.0,-0.1,220,1.08,5.4,0.0,0,0.0,functional
11,P,4,A,P4A,training,-0.645587922,-1.0,2.0,258,0.77,5.3,0.0,0,0.0,functional
12,P,4,Q,P4Q,training,-0.155258214,-4.0,0.3,258,0.83,5.4,0.0,0,0.0,functional
13,P,4,R,P4R,training,-0.219940858,-3.0,-0.5,258,1.03,6.1,0.0,0,0.0,functional
14,P,4,S,P4S,training,-0.263538933,1.0,1.8,258,0.87,5.2,0.0,0,0.0,functional
15,P,4,T,P4T,training,-0.166006174,-1.0,0.5,258,0.93,5.5,0.0,0,0.0,functional
22,S,6,A,S6A,training,-0.550761979,0.0,0.4,277,0.8,4.7,0.0,0,0.0,functional
23,S,6,P,S6P,training,-0.415270022,1.0,-1.8,277,0.87,5.2,0.0,0,0.0,functional
24,S,6,T,S6T,training,-0.293704912,5.0,-1.6,277,1.1,5.2,0.0,0,0.0,functional
25,D,7,A,D7A,training,-0.43056291,0.0,1.0,262,0.56,5.0,0.0,0,0.0,functional
26,D,7,G,D7G,training,-0.370606854,2.0,-1.0,262,0.61,4.7,0.0,0,0.0,functional
27,D,7,H,D7H,training,-0.478165678,1.0,-0.2,262,0.68,5.8,0.0,0,0.0,functional
28,D,7,N,D7N,training,-0.327019993,5.0,1.3,262,0.69,5.2,0.0,0,0.0,functional
29,D,7,V,D7V,training,-0.239259965,-10.0,0.1,262,0.99,5.6,0.0,0,0.0,functional
30,D,7,Y,D7Y,training,-0.326948095,-6.0,-0.1,262,1.12,6.2,0.0,0,0.0,functional
31,P,8,A,P8A,training,-0.263779395,-1.0,2.0,236,0.77,5.3,0.0,0,0.0,functional
32,P,8,H,P8H,training,-0.298921021,-4.0,-0.2,236,0.83,5.5,0.0,0,0.0,functional
33,P,8,L,P8L,training,-0.56649488,1.0,-0.6,236,1.21,5.8,0.0,0,0.0,functional
34,P,8,R,P8R,training,-0.569131414,-3.0,-0.5,236,1.03,6.1,0.0,0,0.0,functional
35,P,8,S,P8S,training,-0.798389351,1.0,1.8,236,0.87,5.2,0.0,0,0.0,functional
36,P,8,T,P8T,training,-0.216232823,-1.0,0.5,236,0.93,5.5,0.0,0,0.0,functional
43,V,10,A,V10A,training,-0.477151727,0.0,3.9,224,1.05,5.4,0.0,0,0.0,functional
44,V,10,D,V10D,training,-0.502244616,-10.0,-0.1,224,0.99,5.6,0.0,0,0.0,functional
45,V,10,F,V10F,training,-0.320797119,1.0,-0.3,224,1.51,6.0,0.0,0,0.0,functional
46,V,10,G,V10G,training,-0.683344757,-5.0,-0.4,224,1.09,4.6,0.0,0,0.0,functional
47,V,10,L,V10L,training,-0.687144839,6.0,-0.1,224,1.35,6.0,0.0,0,0.0,functional
48,E,11,A,E11A,training,-0.749916409,0.0,5.7,200,0.63,5.0,0.0,0,0.0,functional
49,E,11,D,E11D,training,-0.489084215,5.0,2.7,200,0.58,5.9,0.0,0,0.0,functional
50,E,11,G,E11G,training,-0.372540276,0.0,0.0,200,0.87,5.6,0.0,0,0.0,functional
51,E,11,V,E11V,training,-0.416525153,-6.0,-0.1,200,1.08,5.4,0.0,0,0.0,functional
52,P,12,A,P12A,validation,-0.776126573,-1.0,2.0,214,0.77,5.3,0.0,0,0.0,functional
53,P,12,H,P12H,validation,-0.117696477,-4.0,-0.2,214,0.83,5.5,0.0,0,0.0,functional
54,P,12,R,P12R,validation,-0.147383482,-3.0,-0.5,214,1.03,6.1,0.0,0,0.0,functional
55,P,12,S,P12S,validation,-0.094772267,1.0,1.8,214,0.87,5.2,0.0,0,0.0,functional
56,P,12,T,P12T,validation,-0.320189846,-1.0,0.5,214,0.93,5.5,0.0,0,0.0,functional
57,P,13,A,P13A,training,-0.522928757,-1.0,2.0,225,0.77,5.3,0.0,0,0.0,functional
58,P,13,H,P13H,training,-0.167455944,-4.0,-0.2,225,0.83,5.5,0.0,0,0.0,functional
59,P,13,L,P13L,training,-0.519401382,1.0,-0.6,225,1.21,5.8,0.0,0,0.0,functional
60,P,13,R,P13R,training,-0.28737027,-3.0,-0.5,225,1.03,6.1,0.0,0,0.0,functional
61,P,13,T,P13T,training,-0.263027701,-1.0,0.5,225,0.93,5.5,0.0,0,0.0,functional
62,L,14,M,L14M,training,-0.304909066,11.0,0.2,274,1.06,6.2,0.0,0,0.0,functional
63,L,14,P,L14P,training,-0.436951909,1.0,0.6,274,1.21,5.8,0.0,0,0.0,functional
64,L,14,Q,L14Q,training,-0.367132642,-10.0,1.4,274,1.07,5.9,0.0,0,0.0,functional
65,L,14,R,L14R,training,-0.439896027,-4.0,-0.5,274,1.05,6.1,0.0,0,0.0,functional
66,S,15,C,S15C,validation,-0.36497012,-18.0,0.0,342,0.81,5.3,0.0,0,0.0,functional
67,S,15,G,S15G,validation,-0.296108233,0.0,-0.1,342,0.91,4.4,0.0,0,0.0,functional
68,S,15,N,S15N,validation,-0.205932809,3.0,1.3,342,0.84,5.1,0.0,0,0.0,functional
69,S,15,R,S15R,validation,0.0576477,2.0,-2.2,342,0.99,5.4,0.0,0,0.0,functional
70,S,15,T,S15T,validation,-0.711873898,5.0,-1.6,342,1.1,5.2,0.0,0,0.0,functional
71,Q,16,E,Q16E,training,-0.549333586,5.0,-1.5,426,0.73,5.7,0.0,0,0.0,functional
72,Q,16,H,Q16H,training,-0.389912893,2.0,0.4,426,0.79,6.2,0.0,0,0.0,functional
73,Q,16,K,Q16K,training,-0.159724696,4.0,-1.9,426,0.75,5.8,0.0,0,0.0,functional
74,Q,16,P,Q16P,training,-0.751843144,-4.0,-0.3,426,0.83,5.4,0.0,0,0.0,functional
75,Q,16,R,Q16R,training,-0.201817359,7.0,-2.0,426,0.83,6.0,0.0,0,0.0,functional
76,E,17,A,E17A,training,-0.623916678,0.0,5.7,353,0.63,5.0,0.0,0,0.0,functional
77,E,17,D,E17D,training,-0.639239796,5.0,2.7,353,0.58,5.9,0.0,0,0.0,functional
78,E,17,G,E17G,training,-0.444779635,0.0,0.0,353,0.87,5.6,0.0,0,0.0,functional
79,E,17,K,E17K,training,-0.179544114,6.0,-1.7,353,0.78,5.8,0.0,0,0.0,functional
80,E,17,Q,E17Q,training,-0.803665608,5.0,1.5,353,0.73,5.7,0.0,0,0.0,functional
81,E,17,V,E17V,training,-0.589493912,-6.0,-0.1,353,1.08,5.4,0.0,0,0.0,functional
82,T,18,A,T18A,validation,-0.493117102,-3.0,-0.9,435,0.97,5.1,0.0,0,0.0,functional
83,T,18,I,T18I,validation,-0.531047665,-3.0,-0.8,435,1.27,5.8,0.0,0,0.0,functional
84,T,18,K,T18K,validation,-0.456486101,1.0,-1.4,435,1.09,5.7,0.0,0,0.0,functional
85,T,18,P,T18P,validation,-0.443111196,-1.0,-0.5,435,0.93,5.5,0.0,0,0.0,functional
86,T,18,R,T18R,validation,-0.451525646,0.0,-1.3,435,1.08,6.0,0.0,0,0.0,functional
87,T,18,S,T18S,validation,-0.253047439,5.0,1.6,435,1.1,5.2,0.0,0,0.0,functional
88,F,19,C,F19C,validation,0.024742447,-12.0,0.0,396,1.04,5.8,0.0,0,0.0,functional
89,F,19,I,F19I,validation,-0.527842873,3.0,0.2,396,1.54,6.2,0.0,0,0.0,functional
90,F,19,L,F19L,validation,-0.217878825,3.0,1.0,396,1.27,6.2,0.0,0,0.0,functional
91,F,19,S,F19S,validation,-0.368840558,-4.0,0.5,396,1.28,5.6,0.0,0,0.0,functional
92,F,19,V,F19V,validation,0.060531477,1.0,0.3,396,1.51,6.0,0.0,0,0.0,functional
93,F,19,Y,F19Y,validation,0.141225664,8.0,0.5,396,1.34,6.4,0.0,0,0.0,functional
94,S,20,A,S20A,training,0.099777001,0.0,0.4,414,0.8,4.7,0.0,0,0.0,functional
95,S,20,L,S20L,training,0.172622774,-4.0,0.1,414,1.09,5.6,0.0,0,0.0,functional
96,S,20,P,S20P,training,-0.622129479,1.0,-1.8,414,0.87,5.2,0.0,0,0.0,functional
97,D,21,A,D21A,training,-0.401145462,0.0,1.0,342,0.56,5.0,0.0,0,0.0,functional
98,D,21,E,D21E,training,-0.062056804,5.0,-2.7,342,0.58,5.9,0.0,0,0.0,functional
99,D,21,G,D21G,training,-0.504691004,2.0,-1.0,342,0.61,4.7,0.0,0,0.0,functional
100,D,21,H,D21H,training,-0.981523898,1.0,-0.2,342,0.68,5.8,0.0,0,0.0,functional
101,D,21,N,D21N,training,-0.536470034,5.0,1.3,342,0.69,5.2,0.0,0,0.0,functional
102,D,21,V,D21V,training,-0.978803978,-10.0,0.1,342,0.99,5.6,0.0,0,0.0,functional
103,D,21,Y,D21Y,training,-0.491684634,-6.0,-0.1,342,1.12,6.2,0.0,0,0.0,functional
104,L,22,I,L22I,training,-0.073321091,7.0,0.3,354,1.21,6.1,0.0,0,0.0,functional
105,L,22,P,L22P,training,-0.32013541,1.0,0.6,354,1.21,5.8,0.0,0,0.0,functional
106,L,22,Q,L22Q,training,-0.011404674,-10.0,1.4,354,1.07,5.9,0.0,0,0.0,functional
107,L,22,R,L22R,training,-0.430477938,-4.0,-0.5,354,1.05,6.1,0.0,0,0.0,functional
108,L,22,V,L22V,training,-0.143870848,6.0,0.1,354,1.35,6.0,0.0,0,0.0,functional
109,W,23,C,W23C,validation,-0.042142579,-24.0,0.1,228,1.47,6.1,0.0,0,0.0,functional
110,W,23,G,W23G,validation,-0.327797788,-10.0,0.1,228,1.28,5.2,0.0,0,0.0,functional
111,W,23,L,W23L,validation,-0.100511478,2.0,-0.1,228,1.37,6.3,0.0,0,0.0,functional
112,W,23,R,W23R,validation,-0.085916602,-6.0,-0.2,228,1.33,5.9,0.0,0,0.0,functional
113,W,23,S,W23S,validation,-0.187630132,-7.0,0.1,228,1.34,5.7,0.0,0,0.0,functional
114,K,24,E,K24E,training,-0.159082961,6.0,1.7,195,0.78,5.8,0.0,0,0.0,functional
115,K,24,I,K24I,training,-0.861501334,-7.0,0.6,195,1.11,5.9,0.0,0,0.0,functional
116,K,24,N,K24N,training,-0.441975239,2.0,2.4,195,0.72,5.7,0.0,0,0.0,functional
117,K,24,Q,K24Q,training,-0.655844938,4.0,1.9,195,0.75,5.8,0.0,0,0.0,functional
118,K,24,R,K24R,training,-0.51380128,7.0,-3.4,195,0.84,6.3,0.0,0,0.0,functional
119,K,24,T,K24T,training,-0.845032351,1.0,1.4,195,1.09,5.7,0.0,0,0.0,functional
120,L,25,I,L25I,training,-0.180238485,7.0,0.3,167,1.21,6.1,0.0,0,0.0,functional
121,L,25,P,L25P,training,-0.074176455,1.0,0.6,167,1.21,5.8,0.0,0,0.0,functional
122,L,25,Q,L25Q,training,-0.281898932,-10.0,1.4,167,1.07,5.9,0.0,0,0.0,functional
123,L,25,R,L25R,training,-0.44029497,-4.0,-0.5,167,1.05,6.1,0.0,0,0.0,functional
124,L,25,V,L25V,training,-0.4518046,6.0,0.1,167,1.35,6.0,0.0,0,0.0,functional
135,E,28,A,E28A,training,-0.731675953,0.0,5.7,246,0.63,5.0,0.0,0,0.0,functional
136,E,28,D,E28D,training,-0.686719321,5.0,2.7,246,0.58,5.9,0.0,0,0.0,functional
137,E,28,G,E28G,training,-0.482247787,0.0,0.0,246,0.87,5.6,0.0,0,0.0,functional
138,E,28,K,E28K,training,-0.129505824,6.0,-1.7,246,0.78,5.8,0.0,0,0.0,functional
139,E,28,Q,E28Q,training,-0.376068384,5.0,1.5,246,0.73,5.7,0.0,0,0.0,functional
140,E,28,V,E28V,training,0.334269363,-6.0,-0.1,246,1.08,5.4,0.0,0,0.0,functional
141,N,29,D,N29D,training,-0.269183396,5.0,-1.3,247,0.69,5.2,0.0,0,0.0,functional
142,N,29,H,N29H,training,0.01411215,5.0,-0.3,247,0.78,5.5,0.0,0,0.0,functional
143,N,29,I,N29I,training,0.654965696,-8.0,-0.2,247,1.12,5.7,0.0,0,0.0,functional
144,N,29,K,N29K,training,-0.055938321,2.0,-2.4,247,0.72,5.7,0.0,0,0.0,functional
145,N,29,S,N29S,training,-0.137294317,3.0,-1.3,247,0.84,5.1,0.0,0,0.0,functional
146,N,29,T,N29T,training,-0.123880056,2.0,-1.5,247,0.99,5.5,0.0,0,0.0,functional
147,N,29,Y,N29Y,training,0.630807745,1.0,0.4,247,1.08,5.9,0.0,0,0.0,functional
148,N,30,D,N30D,training,-0.342045063,5.0,-1.3,256,0.69,5.2,0.0,0,0.0,functional
149,N,30,H,N30H,training,-0.249241323,5.0,-0.3,256,0.78,5.5,0.0,0,0.0,functional
150,N,30,I,N30I,training,0.415401963,-8.0,-0.2,256,1.12,5.7,0.0,0,0.0,functional
151,N,30,K,N30K,training,-0.344101853,2.0,-2.4,256,0.72,5.7,0.0,0,0.0,functional
152,N,30,S,N30S,training,-0.13758998,3.0,-1.3,256,0.84,5.1,0.0,0,0.0,functional
153,N,30,T,N30T,training,-0.082239386,2.0,-1.5,256,0.99,5.5,0.0,0,0.0,functional
154,N,30,Y,N30Y,training,0.415328387,1.0,0.4,256,1.08,5.9,0.0,0,0.0,functional
155,V,31,A,V31A,training,-0.418133308,0.0,3.9,261,1.05,5.4,0.0,0,0.0,functional
156,V,31,D,V31D,training,-0.824239204,-10.0,-0.1,261,0.99,5.6,0.0,0,0.0,functional
157,V,31,F,V31F,training,-0.506545311,1.0,-0.3,261,1.51,6.0,0.0,0,0.0,functional
158,V,31,G,V31G,training,-0.405207729,-5.0,-0.4,261,1.09,4.6,0.0,0,0.0,functional
159,V,31,L,V31L,training,-0.65909777,6.0,-0.1,261,1.35,6.0,0.0,0,0.0,functional
160,L,32,M,L32M,training,-0.149890663,11.0,0.2,211,1.06,6.2,0.0,0,0.0,functional
161,L,32,P,L32P,training,-0.426695673,1.0,0.6,211,1.21,5.8,0.0,0,0.0,functional
162,L,32,Q,L32Q,training,-0.150804544,-10.0,1.4,211,1.07,5.9,0.0,0,0.0,functional
163,L,32,R,L32R,training,-0.391390059,-4.0,-0.5,211,1.05,6.1,0.0,0,0.0,functional
164,L,32,V,L32V,training,-0.667336899,6.0,0.1,211,1.35,6.0,0.0,0,0.0,functional
170,P,34,A,P34A,validation,-0.789583274,-1.0,2.0,195,0.77,5.3,0.0,0,0.0,functional
171,P,34,H,P34H,validation,-0.118846375,-4.0,-0.2,195,0.83,5.5,0.0,0,0.0,functional
172,P,34,R,P34R,validation,-0.494765372,-3.0,-0.5,195,1.03,6.1,0.0,0,0.0,functional
173,P,34,T,P34T,validation,-0.086792065,-1.0,0.5,195,0.93,5.5,0.0,0,0.0,functional
174,L,35,M,L35M,training,-0.53174323,11.0,0.2,204,1.06,6.2,0.0,0,0.0,functional
175,L,35,S,L35S,training,-0.032122052,-4.0,-0.1,204,1.09,5.6,0.0,0,0.0,functional
176,L,35,V,L35V,training,-0.53000836,6.0,0.1,204,1.35,6.0,0.0,0,0.0,functional
177,L,35,W,L35W,training,-0.147933149,2.0,0.1,204,1.37,6.3,0.0,0,0.0,functional
178,P,36,A,P36A,training,-0.596032149,-1.0,2.0,210,0.77,5.3,0.0,0,0.0,functional
179,P,36,Q,P36Q,training,-0.187941471,-4.0,0.3,210,0.83,5.4,0.0,0,0.0,functional
180,P,36,R,P36R,training,-0.243857054,-3.0,-0.5,210,1.03,6.1,0.0,0,0.0,functional
181,P,36,T,P36T,training,0.053866932,-1.0,0.5,210,0.93,5.5,0.0,0,0.0,functional
182,S,37,A,S37A,training,-0.502052563,0.0,0.4,200,0.8,4.7,0.0,0,0.0,functional
183,S,37,C,S37C,training,-0.982654535,-18.0,0.0,200,0.81,5.3,0.0,0,0.0,functional
184,S,37,F,S37F,training,-0.997522575,-4.0,-0.5,200,1.28,5.6,0.0,0,0.0,functional
185,S,37,P,S37P,training,0.043038496,1.0,-1.8,200,0.87,5.2,0.0,0,0.0,functional
186,S,37,Y,S37Y,training,-0.007265823,-1.0,-0.1,200,1.41,5.9,0.0,0,0.0,functional
187,Q,38,E,Q38E,training,-0.819909292,5.0,-1.5,240,0.73,5.7,0.0,0,0.0,functional
188,Q,38,H,Q38H,training,-0.286148851,2.0,0.4,240,0.79,6.2,0.0,0,0.0,functional
189,Q,38,K,Q38K,training,-0.023178262,4.0,-1.9,240,0.75,5.8,0.0,0,0.0,functional
190,Q,38,L,Q38L,training,-0.679763279,-10.0,-1.4,240,1.07,5.9,0.0,0,0.0,functional
191,Q,38,P,Q38P,training,-0.426988222,-4.0,-0.3,240,0.83,5.4,0.0,0,0.0,functional
192,Q,38,R,Q38R,training,0.026231294,7.0,-2.0,240,0.83,6.0,0.0,0,0.0,functional
193,A,39,E,A39E,training,-0.227836433,0.0,-5.7,254,0.63,5.0,0.0,0,0.0,functional
194,A,39,G,A39G,training,0.387644447,1.0,1.8,254,0.83,4.7,0.0,0,0.0,functional
195,A,39,P,A39P,training,0.027258366,-1.0,-2.0,254,0.77,5.3,0.0,0,0.0,functional
196,A,39,T,A39T,training,-0.118056104,-3.0,0.9,254,0.97,5.1,0.0,0,0.0,functional
197,M,40,K,M40K,training,-0.254695936,-4.0,-0.8,257,1.03,6.5,0.0,0,0.0,functional
198,M,40,L,M40L,training,-0.56335128,11.0,-0.2,257,1.06,6.2,0.0,0,0.0,functional
199,M,40,R,M40R,training,-0.247081765,-8.0,-0.1,257,1.14,6.3,0.0,0,0.0,functional
200,M,40,T,M40T,training,-0.124756296,-3.0,0.1,257,1.11,5.9,0.0,0,0.0,functional
201,M,40,V,M40V,training,-0.059029646,6.0,-1.0,257,1.22,5.9,0.0,0,0.0,functional
202,D,41,A,D41A,training,-0.333935747,0.0,1.0,251,0.56,5.0,0.0,0,0.0,functional
203,D,41,E,D41E,training,-0.279718274,5.0,-2.7,251,0.58,5.9,0.0,0,0.0,functional
204,D,41,G,D41G,training,-0.070195414,2.0,-1.0,251,0.61,4.7,0.0,0,0.0,functional
205,D,41,H,D41H,training,-0.560250902,1.0,-0.2,251,0.68,5.8,0.0,0,0.0,functional
206,D,41,V,D41V,training,0.063782584,-10.0,0.1,251,0.99,5.6,0.0,0,0.0,functional
207,D,41,Y,D41Y,training,-0.144370897,-6.0,-0.1,251,1.12,6.2,0.0,0,0.0,functional
214,L,43,F,L43F,training,-0.152886707,3.0,-1.0,266,1.27,6.2,0.0,0,0.0,functional
215,L,43,M,L43M,training,-0.506272148,11.0,0.2,266,1.06,6.2,0.0,0,0.0,functional
216,L,43,S,L43S,training,-0.263997321,-4.0,-0.1,266,1.09,5.6,0.0,0,0.0,functional
217,L,43,V,L43V,training,0.01568529,6.0,0.1,266,1.35,6.0,0.0,0,0.0,functional
218,L,43,W,L43W,training,-0.449412965,2.0,0.1,266,1.37,6.3,0.0,0,0.0,functional
228,S,46,A,S46A,validation,-0.387453236,0.0,0.4,278,0.8,4.7,0.0,0,0.0,functional
229,S,46,C,S46C,validation,-0.38463161,-18.0,0.0,278,0.81,5.3,0.0,0,0.0,functional
230,S,46,T,S46T,validation,-0.180277211,5.0,-1.6,278,1.1,5.2,0.0,0,0.0,functional
231,S,46,Y,S46Y,validation,-0.041704448,-1.0,-0.1,278,1.41,5.9,0.0,0,0.0,functional
236,D,48,A,D48A,training,-0.45702695,0.0,1.0,288,0.56,5.0,0.0,0,0.0,functional
237,D,48,E,D48E,training,-0.172164398,5.0,-2.7,288,0.58,5.9,0.0,0,0.0,functional
238,D,48,G,D48G,training,0.024867197,2.0,-1.0,288,0.61,4.7,0.0,0,0.0,functional
239,D,48,H,D48H,training,-0.568316178,1.0,-0.2,288,0.68,5.8,0.0,0,0.0,functional
240,D,48,V,D48V,training,-0.362542919,-10.0,0.1,288,0.99,5.6,0.0,0,0.0,functional
241,D,48,Y,D48Y,training,0.00192353,-6.0,-0.1,288,1.12,6.2,0.0,0,0.0,functional
242,D,49,A,D49A,validation,-0.547314835,0.0,1.0,269,0.56,5.0,0.0,0,0.0,functional
243,D,49,E,D49E,validation,0.242507779,5.0,-2.7,269,0.58,5.9,0.0,0,0.0,functional
244,D,49,G,D49G,validation,-0.184020625,2.0,-1.0,269,0.61,4.7,0.0,0,0.0,functional
245,D,49,V,D49V,validation,-0.368831615,-10.0,0.1,269,0.99,5.6,0.0,0,0.0,functional
246,I,50,F,I50F,training,-0.374349335,3.0,-0.2,265,1.54,6.2,0.0,0,0.0,functional
247,I,50,L,I50L,training,-0.692012665,7.0,-0.3,265,1.21,6.1,0.0,0,0.0,functional
248,I,50,M,I50M,training,-0.490224683,10.0,1.3,265,1.16,5.9,0.0,0,0.0,functional
249,I,50,N,I50N,training,-0.195973882,-8.0,0.2,265,1.12,5.7,0.0,0,0.0,functional
250,I,50,S,I50S,training,-0.179910378,-6.0,0.3,265,1.24,5.4,0.0,0,0.0,functional
251,I,50,V,I50V,training,-0.183405183,8.0,-2.1,265,1.42,6.0,0.0,0,0.0,functional
257,Q,52,E,Q52E,training,-0.661321576,5.0,-1.5,221,0.73,5.7,0.0,0,0.0,functional
258,Q,52,K,Q52K,training,-0.019072251,4.0,-1.9,221,0.75,5.8,0.0,0,0.0,functional
259,Q,52,L,Q52L,training,-0.313678923,-10.0,-1.4,221,1.07,5.9,0.0,0,0.0,functional
260,Q,52,P,Q52P,training,-0.598792165,-4.0,-0.3,221,0.83,5.4,0.0,0,0.0,functional
261,Q,52,R,Q52R,training,-0.089784639,7.0,-2.0,221,0.83,6.0,0.0,0,0.0,functional
262,W,53,L,W53L,validation,-0.38247598,2.0,-0.1,235,1.37,6.3,0.0,0,0.0,functional
263,W,53,R,W53R,validation,0.174261212,-6.0,-0.2,235,1.33,5.9,0.0,0,0.0,functional
264,W,53,S,W53S,validation,0.138698315,-7.0,0.1,235,1.34,5.7,0.0,0,0.0,functional
265,F,54,C,F54C,validation,0.014412544,-12.0,0.0,269,1.04,5.8,0.0,0,0.0,functional
266,F,54,I,F54I,validation,-0.417691335,3.0,0.2,269,1.54,6.2,0.0,0,0.0,functional
267,F,54,S,F54S,validation,0.150090768,-4.0,0.5,269,1.28,5.6,0.0,0,0.0,functional
268,F,54,V,F54V,validation,0.009350697,1.0,0.3,269,1.51,6.0,0.0,0,0.0,functional
269,T,55,A,T55A,training,-0.132422924,-3.0,-0.9,235,0.97,5.1,0.0,0,0.0,functional
270,T,55,N,T55N,training,-0.185843617,2.0,1.5,235,0.99,5.5,0.0,0,0.0,functional
271,T,55,P,T55P,training,-0.113462374,-1.0,-0.5,235,0.93,5.5,0.0,0,0.0,functional
272,T,55,S,T55S,training,-0.611742481,5.0,1.6,235,1.1,5.2,0.0,0,0.0,functional
273,E,56,A,E56A,training,-0.483743371,0.0,5.7,248,0.63,5.0,0.0,0,0.0,functional
274,E,56,D,E56D,training,-0.389263917,5.0,2.7,248,0.58,5.9,0.0,0,0.0,functional
275,E,56,G,E56G,training,-0.435667383,0.0,0.0,248,0.87,5.6,0.0,0,0.0,functional
276,E,56,Q,E56Q,training,-1.095471014,5.0,1.5,248,0.73,5.7,0.0,0,0.0,functional
277,E,56,V,E56V,training,-0.778540508,-6.0,-0.1,248,1.08,5.4,0.0,0,0.0,functional
278,D,57,A,D57A,training,-0.333563779,0.0,1.0,238,0.56,5.0,0.0,0,0.0,functional
279,D,57,E,D57E,training,-0.082813763,5.0,-2.7,238,0.58,5.9,0.0,0,0.0,functional
280,D,57,G,D57G,training,0.15608418,2.0,-1.0,238,0.61,4.7,0.0,0,0.0,functional
281,D,57,H,D57H,training,-0.313244048,1.0,-0.2,238,0.68,5.8,0.0,0,0.0,functional
282,D,57,N,D57N,training,-0.457212223,5.0,1.3,238,0.69,5.2,0.0,0,0.0,functional
283,D,57,V,D57V,training,-0.420242453,-10.0,0.1,238,0.99,5.6,0.0,0,0.0,functional
284,D,57,Y,D57Y,training,0.116933895,-6.0,-0.1,238,1.12,6.2,0.0,0,0.0,functional
285,P,58,A,P58A,validation,-0.274358168,-1.0,2.0,253,0.77,5.3,0.0,0,0.0,functional
286,P,58,Q,P58Q,validation,-0.064391323,-4.0,0.3,253,0.83,5.4,0.0,0,0.0,functional
287,P,58,S,P58S,validation,-0.28892044,1.0,1.8,253,0.87,5.2,0.0,0,0.0,functional
292,P,60,A,P60A,training,-0.97413296,-1.0,2.0,251,0.77,5.3,0.0,0,0.0,functional
293,P,60,Q,P60Q,training,-0.101550371,-4.0,0.3,251,0.83,5.4,0.0,0,0.0,functional
294,P,60,R,P60R,training,-0.296651114,-3.0,-0.5,251,1.03,6.1,0.0,0,0.0,functional
295,P,60,T,P60T,training,-0.001579352,-1.0,0.5,251,0.93,5.5,0.0,0,0.0,functional
301,E,62,A,E62A,validation,-0.408463896,0.0,5.7,212,0.63,5.0,0.0,0,0.0,functional
302,E,62,D,E62D,validation,-0.370947945,5.0,2.7,212,0.58,5.9,0.0,0,0.0,functional
303,E,62,G,E62G,validation,-0.102847045,0.0,0.0,212,0.87,5.6,0.0,0,0.0,functional
304,E,62,K,E62K,validation,-0.017090846,6.0,-1.7,212,0.78,5.8,0.0,0,0.0,functional
305,E,62,Q,E62Q,validation,-0.602490568,5.0,1.5,212,0.73,5.7,0.0,0,0.0,functional
306,E,62,V,E62V,validation,-0.257672898,-6.0,-0.1,212,1.08,5.4,0.0,0,0.0,functional
307,A,63,D,A63D,training,-0.086376851,0.0,-1.0,233,0.56,5.0,0.0,0,0.0,functional
308,A,63,P,A63P,training,-0.867865247,-1.0,-2.0,233,0.77,5.3,0.0,0,0.0,functional
309,A,63,S,A63S,training,-0.194780688,0.0,-0.4,233,0.8,4.7,0.0,0,0.0,functional
310,A,63,T,A63T,training,-0.202421369,-3.0,0.9,233,0.97,5.1,0.0,0,0.0,functional
311,P,64,A,P64A,validation,-0.626449779,-1.0,2.0,241,0.77,5.3,0.0,0,0.0,functional
312,P,64,H,P64H,validation,-0.083960919,-4.0,-0.2,241,0.83,5.5,0.0,0,0.0,functional
313,P,64,R,P64R,validation,-0.492534156,-3.0,-0.5,241,1.03,6.1,0.0,0,0.0,functional
314,P,64,T,P64T,validation,-0.295440092,-1.0,0.5,241,0.93,5.5,0.0,0,0.0,functional
315,R,65,G,R65G,validation,-0.065494349,-2.0,0.8,165,0.84,6.3,0.0,0,0.0,functional
316,R,65,I,R65I,validation,-0.145272116,-7.0,0.2,165,1.23,6.1,0.0,0,0.0,functional
317,R,65,K,R65K,validation,0.009579234,7.0,3.4,165,0.84,6.3,0.0,0,0.0,functional
318,R,65,S,R65S,validation,-0.361299181,2.0,2.2,165,0.99,5.4,0.0,0,0.0,functional
319,R,65,T,R65T,validation,-0.694784864,0.0,1.3,165,1.08,6.0,0.0,0,0.0,functional
320,M,66,K,M66K,training,-0.293518682,-4.0,-0.8,212,1.03,6.5,0.0,0,0.0,functional
321,M,66,L,M66L,training,-0.328694144,11.0,-0.2,212,1.06,6.2,0.0,0,0.0,functional
322,M,66,T,M66T,training,-0.19861986,-3.0,0.1,212,1.11,5.9,0.0,0,0.0,functional
323,M,66,V,M66V,training,0.089370756,6.0,-1.0,212,1.22,5.9,0.0,0,0.0,functional
328,E,68,A,E68A,training,-0.508479888,0.0,5.7,205,0.63,5.0,0.0,0,0.0,functional
329,E,68,Q,E68Q,training,-0.537773472,5.0,1.5,205,0.73,5.7,0.0,0,0.0,functional
330,E,68,V,E68V,training,-0.173319688,-6.0,-0.1,205,1.08,5.4,0.0,0,0.0,functional
331,A,69,D,A69D,training,-0.116536411,0.0,-1.0,196,0.56,5.0,0.0,0,0.0,functional
332,A,69,P,A69P,training,-0.483124173,-1.0,-2.0,196,0.77,5.3,0.0,0,0.0,functional
333,A,69,S,A69S,training,-0.256128498,0.0,-0.4,196,0.8,4.7,0.0,0,0.0,functional
334,A,69,T,A69T,training,-0.02698983,-3.0,0.9,196,0.97,5.1,0.0,0,0.0,functional
335,A,70,D,A70D,validation,-0.214976055,0.0,-1.0,195,0.56,5.0,0.0,0,0.0,functional
336,A,70,G,A70G,validation,-0.229520602,1.0,1.8,195,0.83,4.7,0.0,0,0.0,functional
337,A,70,P,A70P,validation,0.363761469,-1.0,-2.0,195,0.77,5.3,0.0,0,0.0,functional
338,A,70,S,A70S,validation,-0.159829559,0.0,-0.4,195,0.8,4.7,0.0,0,0.0,functional
339,P,71,A,P71A,validation,-0.610722682,-1.0,2.0,204,0.77,5.3,0.0,0,0.0,functional
340,P,71,H,P71H,validation,-0.086248089,-4.0,-0.2,204,0.83,5.5,0.0,0,0.0,functional
341,P,71,R,P71R,validation,-0.265432631,-3.0,-0.5,204,1.03,6.1,0.0,0,0.0,functional
342,P,71,T,P71T,validation,-0.188608773,-1.0,0.5,204,0.93,5.5,0.0,0,0.0,functional
343,V,73,A,V73A,validation,0.027116944,0.0,3.9,175,1.05,5.4,0.0,0,0.0,functional
344,V,73,E,V73E,validation,-0.232353667,-6.0,0.1,175,1.08,5.4,0.0,0,0.0,functional
345,V,73,G,V73G,validation,-0.566965003,-5.0,-0.4,175,1.09,4.6,0.0,0,0.0,functional
346,A,74,D,A74D,training,-0.279365116,0.0,-1.0,189,0.56,5.0,0.0,0,0.0,functional
347,A,74,G,A74G,training,-0.210260084,1.0,1.8,189,0.83,4.7,0.0,0,0.0,functional
348,A,74,P,A74P,training,-0.431235661,-1.0,-2.0,189,0.77,5.3,0.0,0,0.0,functional
349,A,74,S,A74S,training,-0.046819187,0.0,-0.4,189,0.8,4.7,0.0,0,0.0,functional
350,P,75,A,P75A,training,-0.422116245,-1.0,2.0,190,0.77,5.3,0.0,0,0.0,functional
351,P,75,H,P75H,training,-0.064036488,-4.0,-0.2,190,0.83,5.5,0.0,0,0.0,functional
352,P,75,R,P75R,training,-0.574100739,-3.0,-0.5,190,1.03,6.1,0.0,0,0.0,functional
353,P,75,T,P75T,training,-0.046531512,-1.0,0.5,190,0.93,5.5,0.0,0,0.0,functional
354,A,76,E,A76E,training,-0.018473821,0.0,-5.7,197,0.63,5.0,0.0,0,0.0,functional
355,A,76,P,A76P,training,-0.23208138,-1.0,-2.0,197,0.77,5.3,0.0,0,0.0,functional
356,A,76,S,A76S,training,-0.346797117,0.0,-0.4,197,0.8,4.7,0.0,0,0.0,functional
357,P,77,T,P77T,training,-0.228925692,-1.0,0.5,189,0.93,5.5,0.0,0,0.0,functional
358,A,78,E,A78E,validation,-0.122553175,0.0,-5.7,218,0.63,5.0,0.0,0,0.0,functional
359,A,78,G,A78G,validation,-0.508634846,1.0,1.8,218,0.83,4.7,0.0,0,0.0,functional
360,A,78,P,A78P,validation,-0.00076492,-1.0,-2.0,218,0.77,5.3,0.0,0,0.0,functional
361,A,78,T,A78T,validation,-0.104229949,-3.0,0.9,218,0.97,5.1,0.0,0,0.0,functional
366,P,80,A,P80A,validation,-0.410551819,-1.0,2.0,225,0.77,5.3,0.0,0,0.0,functional
367,P,80,H,P80H,validation,-0.169429909,-4.0,-0.2,225,0.83,5.5,0.0,0,0.0,functional
368,P,80,R,P80R,validation,-0.421524537,-3.0,-0.5,225,1.03,6.1,0.0,0,0.0,functional
369,P,80,T,P80T,validation,-0.249855362,-1.0,0.5,225,0.93,5.5,0.0,0,0.0,functional
370,T,81,A,T81A,training,0.095046363,-3.0,-0.9,227,0.97,5.1,0.0,0,0.0,functional
371,T,81,K,T81K,training,-0.15120571,1.0,-1.4,227,1.09,5.7,0.0,0,0.0,functional
372,T,81,P,T81P,training,-0.197186134,-1.0,-0.5,227,0.93,5.5,0.0,0,0.0,functional
373,T,81,R,T81R,training,-0.570108958,0.0,-1.3,227,1.08,6.0,0.0,0,0.0,functional
374,T,81,S,T81S,training,-0.49774102,5.0,1.6,227,1.1,5.2,0.0,0,0.0,functional
375,P,82,A,P82A,training,-0.515874714,-1.0,2.0,228,0.77,5.3,0.0,0,0.0,functional
376,P,82,Q,P82Q,training,-0.065365441,-4.0,0.3,228,0.83,5.4,0.0,0,0.0,functional
377,P,82,R,P82R,training,-0.251327456,-3.0,-0.5,228,1.03,6.1,0.0,0,0.0,functional
378,P,82,T,P82T,training,-0.278850567,-1.0,0.5,228,0.93,5.5,0.0,0,0.0,functional
379,A,83,E,A83E,training,-0.102607016,0.0,-5.7,229,0.63,5.0,0.0,0,0.0,functional
380,A,83,G,A83G,training,-0.334141795,1.0,1.8,229,0.83,4.7,0.0,0,0.0,functional
381,A,83,P,A83P,training,-0.358715331,-1.0,-2.0,229,0.77,5.3,0.0,0,0.0,functional
382,A,83,S,A83S,training,-0.36068348,0.0,-0.4,229,0.8,4.7,0.0,0,0.0,functional
383,A,83,T,A83T,training,0.134047212,-3.0,0.9,229,0.97,5.1,0.0,0,0.0,functional
384,A,84,D,A84D,training,-0.196724397,0.0,-1.0,380,0.56,5.0,0.0,0,0.0,functional
385,A,84,P,A84P,training,-0.401035953,-1.0,-2.0,380,0.77,5.3,0.0,0,0.0,functional
386,A,84,S,A84S,training,-0.193650784,0.0,-0.4,380,0.8,4.7,0.0,0,0.0,functional
387,P,85,A,P85A,training,-0.472618933,-1.0,2.0,462,0.77,5.3,0.0,0,0.0,functional
388,P,85,H,P85H,training,-0.276410069,-4.0,-0.2,462,0.83,5.5,0.0,0,0.0,functional
389,P,85,R,P85R,training,-0.655664642,-3.0,-0.5,462,1.03,6.1,0.0,0,0.0,functional
390,P,85,T,P85T,training,-0.354239472,-1.0,0.5,462,0.93,5.5,0.0,0,0.0,functional
391,A,86,E,A86E,training,-0.198606634,0.0,-5.7,358,0.63,5.0,0.0,0,0.0,functional
392,A,86,G,A86G,training,-0.509064985,1.0,1.8,358,0.83,4.7,0.0,0,0.0,functional
393,A,86,P,A86P,training,-0.177348433,-1.0,-2.0,358,0.77,5.3,0.0,0,0.0,functional
394,P,87,A,P87A,validation,-0.642814198,-1.0,2.0,608,0.77,5.3,0.0,0,0.0,functional
395,P,87,R,P87R,validation,-0.538258882,-3.0,-0.5,608,1.03,6.1,0.0,0,0.0,functional
396,P,87,S,P87S,validation,-0.336408662,1.0,1.8,608,0.87,5.2,0.0,0,0.0,functional
397,P,87,T,P87T,validation,-0.272704099,-1.0,0.5,608,0.93,5.5,0.0,0,0.0,functional
401,P,89,A,P89A,validation,-0.561381126,-1.0,2.0,349,0.77,5.3,0.0,0,0.0,functional
402,P,89,H,P89H,validation,-0.20216726,-4.0,-0.2,349,0.83,5.5,0.0,0,0.0,functional
403,P,89,R,P89R,validation,-0.588389082,-3.0,-0.5,349,1.03,6.1,0.0,0,0.0,functional
404,P,89,T,P89T,validation,-0.212234467,-1.0,0.5,349,0.93,5.5,0.0,0,0.0,functional
409,W,91,G,W91G,training,0.139629604,-10.0,0.1,1107,1.28,5.2,0.0,0,0.0,functional
410,W,91,L,W91L,training,-0.201718866,2.0,-0.1,1107,1.37,6.3,0.0,0,0.0,functional
411,W,91,R,W91R,training,-0.38408197,-6.0,-0.2,1107,1.33,5.9,-1.0,0,0.0,functional
412,W,91,S,W91S,training,-0.023957039,-7.0,0.1,1107,1.34,5.7,0.0,0,0.0,functional
413,P,92,A,P92A,training,-0.145817485,-1.0,2.0,1228,0.77,5.3,0.0,0,0.0,functional
414,P,92,R,P92R,training,0.248538593,-3.0,-0.5,1228,1.03,6.1,0.0,0,0.0,functional
415,P,92,T,P92T,training,-0.071698852,-1.0,0.5,1228,0.93,5.5,0.0,0,0.0,functional
416,L,93,P,L93P,validation,0.040421688,1.0,0.6,1156,1.21,5.8,0.0,0,0.0,functional
417,L,93,Q,L93Q,validation,-0.103446784,-10.0,1.4,1156,1.07,5.9,0.0,0,0.0,functional
418,L,93,R,L93R,validation,-0.236491695,-4.0,-0.5,1156,1.05,6.1,0.0,0,0.0,functional
419,L,93,V,L93V,validation,0.796324093,6.0,0.1,1156,1.35,6.0,0.0,0,0.0,functional
420,S,94,A,S94A,training,0.31004948,0.0,0.4,1477,0.8,4.7,0.0,0,0.0,functional
421,S,94,P,S94P,training,-0.006464874,1.0,-1.8,1477,0.87,5.2,0.0,0,0.0,functional
422,S,95,A,S95A,training,0.158936234,0.0,0.4,1051,0.8,4.7,0.0,0,0.0,functional
423,S,95,C,S95C,training,-0.407974656,-18.0,0.0,1051,0.81,5.3,0.0,0,0.0,functional
424,S,95,P,S95P,training,-0.215541247,1.0,-1.8,1051,0.87,5.2,0.0,0,0.0,functional
425,S,95,T,S95T,training,-0.094482425,5.0,-1.6,1051,1.1,5.2,0.0,0,0.0,functional
426,S,95,Y,S95Y,training,0.06088007,-1.0,-0.1,1051,1.41,5.9,0.0,0,0.0,functional
427,S,96,A,S96A,training,0.535713981,0.0,0.4,1256,0.8,4.7,0.0,0,0.0,functional
428,S,96,P,S96P,training,-0.25763324,1.0,-1.8,1256,0.87,5.2,0.0,0,0.0,functional
429,S,96,T,S96T,training,0.208834259,5.0,-1.6,1256,1.1,5.2,0.0,0,0.0,functional
430,V,97,D,V97D,validation,0.184437156,-10.0,-0.1,1454,0.99,5.6,-1.0,0,0.0,functional
431,V,97,F,V97F,validation,0.120875519,1.0,-0.3,1454,1.51,6.0,0.0,0,0.0,functional
432,V,97,G,V97G,validation,0.451112443,-5.0,-0.4,1454,1.09,4.6,0.0,0,0.0,functional
433,V,97,L,V97L,validation,0.381332355,6.0,-0.1,1454,1.35,6.0,0.0,0,0.0,functional
434,P,98,H,P98H,validation,0.038416307,-4.0,-0.2,1925,0.83,5.5,0.0,0,0.0,functional
435,P,98,R,P98R,validation,1.162586315,-3.0,-0.5,1925,1.03,6.1,0.0,0,0.0,functional
436,P,98,T,P98T,validation,0.098996403,-1.0,0.5,1925,0.93,5.5,0.0,0,0.0,functional
437,S,99,A,S99A,training,0.302580791,0.0,0.4,1292,0.8,4.7,0.0,0,0.0,functional
438,S,99,C,S99C,training,0.11581656,-18.0,0.0,1292,0.81,5.3,0.0,0,0.0,functional
439,S,99,P,S99P,training,0.413282221,1.0,-1.8,1292,0.87,5.2,0.0,0,0.0,functional
440,S,99,T,S99T,training,0.350480855,5.0,-1.6,1292,1.1,5.2,0.0,0,0.0,functional
441,S,99,Y,S99Y,training,-0.031734465,-1.0,-0.1,1292,1.41,5.9,0.0,0,0.0,functional
442,Q,100,E,Q100E,training,-0.023921145,5.0,-1.5,1500,0.73,5.7,0.0,0,0.0,functional
443,Q,100,H,Q100H,training,-0.090859694,2.0,0.4,1500,0.79,6.2,0.0,0,0.0,functional
444,Q,100,K,Q100K,training,-0.068708816,4.0,-1.9,1500,0.75,5.8,0.0,0,0.0,functional
445,Q,100,L,Q100L,training,0.023617565,-10.0,-1.4,1500,1.07,5.9,0.0,0,0.0,functional
446,Q,100,P,Q100P,training,0.310461679,-4.0,-0.3,1500,0.83,5.4,0.0,0,0.0,functional
447,Q,100,R,Q100R,training,0.271732286,7.0,-2.0,1500,0.83,6.0,0.0,0,0.0,functional
448,K,101,I,K101I,training,-0.302912917,-7.0,0.6,924,1.11,5.9,0.0,0,0.0,functional
449,K,101,N,K101N,training,0.10725418,2.0,2.4,924,0.72,5.7,0.0,0,0.0,functional
450,K,101,Q,K101Q,training,-0.207970537,4.0,1.9,924,0.75,5.8,0.0,0,0.0,functional
451,K,101,T,K101T,training,0.144828652,1.0,1.4,924,1.09,5.7,0.0,0,0.0,functional
452,T,102,N,T102N,validation,0.078340977,2.0,1.5,1289,0.99,5.5,0.0,0,0.0,functional
453,T,102,P,T102P,validation,0.242483084,-1.0,-0.5,1289,0.93,5.5,0.0,0,0.0,functional
454,Y,103,C,Y103C,validation,0.277325396,-1.0,-0.1,1370,1.22,6.1,0.0,0,0.0,functional
455,Y,103,D,Y103D,validation,0.26804844,-6.0,0.1,1370,1.12,6.2,0.0,0,0.0,functional
456,Y,103,F,Y103F,validation,0.32726124,8.0,-0.5,1370,1.34,6.4,0.0,0,0.0,functional
457,Y,103,H,Y103H,validation,0.439481214,1.0,0.3,1370,1.23,6.2,0.0,0,0.0,functional
458,Y,103,N,Y103N,validation,-0.037564598,1.0,-0.4,1370,1.08,5.9,0.0,0,0.0,functional
459,Y,103,S,Y103S,validation,0.224353359,-1.0,0.1,1370,1.41,5.9,0.0,0,0.0,functional
460,Q,104,E,Q104E,training,-0.684424821,5.0,-1.5,1389,0.73,5.7,0.0,0,0.0,functional
461,Q,104,K,Q104K,training,-0.212740113,4.0,-1.9,1389,0.75,5.8,0.0,0,0.0,functional
462,Q,104,P,Q104P,training,0.131203118,-4.0,-0.3,1389,0.83,5.4,0.0,0,0.0,functional
463,Q,104,R,Q104R,training,0.162598304,7.0,-2.0,1389,0.83,6.0,0.0,0,0.0,functional
464,G,105,C,G105C,training,0.530013446,-15.0,0.3,1373,0.8,5.3,0.0,0,0.0,nonfunctional
465,G,105,D,G105D,training,0.681278653,2.0,1.0,1373,0.61,4.7,0.0,0,0.0,nonfunctional
466,G,105,V,G105V,training,0.415293096,-5.0,0.4,1373,1.09,4.6,0.0,0,0.0,nonfunctional
467,S,106,G,S106G,training,0.290337763,0.0,-0.1,1087,0.91,4.4,0.0,0,0.0,functional
468,S,106,I,S106I,training,-0.057531042,-6.0,-0.3,1087,1.24,5.4,0.0,0,0.0,functional
469,S,106,R,S106R,training,-0.129707043,2.0,-2.2,1087,0.99,5.4,0.0,0,0.0,nonfunctional
470,S,106,T,S106T,training,0.12453295,5.0,-1.6,1087,1.1,5.2,0.0,0,0.0,functional
471,Y,107,D,Y107D,training,2.017874372,-6.0,0.1,1468,1.12,6.2,0.0,0,0.0,nonfunctional
472,Y,107,F,Y107F,training,0.119332389,8.0,-0.5,1468,1.34,6.4,0.0,0,0.0,functional
473,Y,107,N,Y107N,training,0.580171863,1.0,-0.4,1468,1.08,5.9,0.0,0,0.0,functional
474,Y,107,S,Y107S,training,0.218964396,-1.0,0.1,1468,1.41,5.9,0.0,0,0.0,functional
475,G,108,A,G108A,training,0.227720585,1.0,-1.8,1350,0.83,4.7,0.0,0,0.0,functional
476,G,108,C,G108C,training,0.25425289,-15.0,0.3,1350,0.8,5.3,0.0,0,0.0,functional
480,R,110,C,R110C,training,0.421977347,-16.0,0.2,1493,0.84,5.6,6.0,0,6.0,nonfunctional
481,R,110,L,R110L,training,0.622652479,-4.0,0.5,1493,1.05,6.1,6.0,0,6.0,nonfunctional
482,R,110,P,R110P,training,1.085446343,-3.0,0.5,1493,1.03,6.1,6.0,0,6.0,nonfunctional
483,R,110,S,R110S,training,0.047033733,2.0,2.2,1493,0.99,5.4,6.0,0,6.0,functional
484,L,111,P,L111P,validation,1.453167528,1.0,0.6,2137,1.21,5.8,0.0,0,0.0,nonfunctional
485,L,111,Q,L111Q,validation,1.68366619,-10.0,1.4,2137,1.07,5.9,0.0,0,0.0,nonfunctional
486,L,111,R,L111R,validation,1.30352294,-4.0,-0.5,2137,1.05,6.1,0.0,0,0.0,nonfunctional
487,L,111,V,L111V,validation,0.261753392,6.0,0.1,2137,1.35,6.0,0.0,0,0.0,functional
492,F,113,C,F113C,validation,1.526244716,-12.0,0.0,1962,1.04,5.8,0.0,0,0.0,nonfunctional
493,F,113,V,F113V,validation,1.269661598,1.0,0.3,1962,1.51,6.0,0.0,0,0.0,nonfunctional
494,F,113,Y,F113Y,validation,0.456381116,8.0,0.5,1962,1.34,6.4,0.0,0,0.0,functional
495,L,114,F,L114F,training,0.156998987,3.0,-1.0,1453,1.27,6.2,0.0,0,0.0,functional
496,L,114,M,L114M,training,-0.174926534,11.0,0.2,1453,1.06,6.2,0.0,0,0.0,functional
497,L,114,S,L114S,training,0.186952649,-4.0,-0.1,1453,1.09,5.6,0.0,0,0.0,functional
498,L,114,V,L114V,training,0.365074199,6.0,0.1,1453,1.35,6.0,0.0,0,0.0,functional
499,L,114,W,L114W,training,-0.167811586,2.0,0.1,1453,1.37,6.3,0.0,0,0.0,functional
500,H,115,D,H115D,training,-0.115681589,1.0,0.2,784,0.68,5.8,0.0,0,0.0,functional
501,H,115,L,H115L,training,0.366396055,-4.0,0.3,784,1.07,5.8,0.0,0,0.0,functional
502,H,115,N,H115N,training,0.01264511,5.0,0.3,784,0.78,5.5,0.0,0,0.0,functional
503,H,115,P,H115P,training,-0.437625273,-4.0,0.2,784,0.83,5.5,0.0,0,0.0,functional
504,H,115,Q,H115Q,training,0.332631629,2.0,-0.4,784,0.79,6.2,0.0,0,0.0,functional
505,H,115,R,H115R,training,-0.087107096,2.0,-0.1,784,0.92,5.9,0.0,0,0.0,functional
506,S,116,A,S116A,training,0.150894094,0.0,0.4,1551,0.8,4.7,0.0,0,0.0,functional
507,S,116,T,S116T,training,-0.424363061,5.0,-1.6,1551,1.1,5.2,0.0,0,0.0,functional
508,S,116,Y,S116Y,training,-0.014103994,-1.0,-0.1,1551,1.41,5.9,0.0,0,0.0,functional
509,G,117,A,G117A,training,-0.028550333,1.0,-1.8,1441,0.83,4.7,0.0,0,0.0,functional
510,G,117,V,G117V,training,0.196798763,-5.0,0.4,1441,1.09,4.6,0.0,0,0.0,functional
511,G,117,W,G117W,training,0.509230774,-10.0,-0.1,1441,1.28,5.2,0.0,0,0.0,functional
512,T,118,K,T118K,training,0.069159532,1.0,-1.4,1670,1.09,5.7,0.0,1,0.0,functional
513,T,118,P,T118P,training,-0.185444251,-1.0,-0.5,1670,0.93,5.5,0.0,1,0.0,functional
514,T,118,R,T118R,training,-0.252328938,0.0,-1.3,1670,1.08,6.0,0.0,1,0.0,functional
515,T,118,S,T118S,training,0.756629407,5.0,1.6,1670,1.1,5.2,0.0,1,0.0,functional
516,A,119,P,A119P,training,0.061144016,-1.0,-2.0,1732,0.77,5.3,0.0,1,0.0,functional
517,A,119,S,A119S,training,0.418141151,0.0,-0.4,1732,0.8,4.7,0.0,1,0.0,functional
518,K,120,E,K120E,training,0.579302841,6.0,1.7,2294,0.78,5.8,0.0,1,0.0,nonfunctional
519,K,120,T,K120T,training,0.595208722,1.0,1.4,2294,1.09,5.7,0.0,1,0.0,functional
520,S,121,A,S121A,training,0.672193671,0.0,0.4,2031,0.8,4.7,0.0,1,0.0,functional
521,S,121,C,S121C,training,-0.217825335,-18.0,0.0,2031,0.81,5.3,0.0,1,0.0,functional
522,S,121,T,S121T,training,0.100422537,5.0,-1.6,2031,1.1,5.2,0.0,1,0.0,functional
523,S,121,Y,S121Y,training,0.149517077,-1.0,-0.1,2031,1.41,5.9,0.0,1,0.0,functional
524,V,122,E,V122E,training,0.416853745,-6.0,0.1,2179,1.08,5.4,0.0,0,0.0,functional
525,V,122,G,V122G,training,0.480414913,-5.0,-0.4,2179,1.09,4.6,0.0,0,0.0,functional
526,V,122,M,V122M,training,0.744953518,6.0,1.0,2179,1.22,5.9,0.0,0,0.0,functional
527,T,123,N,T123N,training,0.129287124,2.0,1.5,2164,0.99,5.5,0.0,0,0.0,functional
528,T,123,P,T123P,training,0.307003128,-1.0,-0.5,2164,0.93,5.5,0.0,0,0.0,functional
529,T,123,S,T123S,training,0.170957451,5.0,1.6,2164,1.1,5.2,0.0,0,0.0,functional
530,C,124,F,C124F,validation,0.333526034,-12.0,0.0,2581,1.04,5.8,0.0,0,0.0,functional
531,C,124,G,C124G,validation,1.303402911,-15.0,-0.3,2581,0.8,5.3,0.0,0,0.0,nonfunctional
532,C,124,W,C124W,validation,0.151688834,-24.0,-0.1,2581,1.47,6.1,0.0,0,0.0,functional
533,T,125,P,T125P,training,1.651743754,-1.0,-0.5,2601,0.93,5.5,0.0,0,0.0,nonfunctional
534,T,125,S,T125S,training,0.739184694,5.0,1.6,2601,1.1,5.2,0.0,0,0.0,functional
535,Y,126,C,Y126C,validation,1.404438862,-1.0,-0.1,1761,1.22,6.1,0.0,0,0.0,nonfunctional
536,Y,126,D,Y126D,validation,1.422393275,-6.0,0.1,1761,1.12,6.2,0.0,0,0.0,nonfunctional
537,Y,126,S,Y126S,validation,1.327799512,-1.0,0.1,1761,1.41,5.9,0.0,0,0.0,nonfunctional
538,S,127,A,S127A,training,0.425002082,0.0,0.4,1872,0.8,4.7,0.0,0,0.0,functional
539,S,127,F,S127F,training,1.628602454,-4.0,-0.5,1872,1.28,5.6,0.0,0,0.0,nonfunctional
540,S,127,P,S127P,training,1.006768744,1.0,-1.8,1872,0.87,5.2,0.0,0,0.0,nonfunctional
541,S,127,Y,S127Y,training,0.90875801,-1.0,-0.1,1872,1.41,5.9,0.0,0,0.0,nonfunctional
542,P,128,H,P128H,training,0.165822488,-4.0,-0.2,1077,0.83,5.5,0.0,0,0.0,functional
543,P,128,T,P128T,training,0.023351777,-1.0,0.5,1077,0.93,5.5,0.0,0,0.0,functional
544,A,129,G,A129G,training,-0.388776969,1.0,1.8,1150,0.83,4.7,0.0,0,0.0,functional
545,A,129,P,A129P,training,0.495710225,-1.0,-2.0,1150,0.77,5.3,0.0,0,0.0,functional
546,A,129,S,A129S,training,0.201446436,0.0,-0.4,1150,0.8,4.7,0.0,0,0.0,functional
547,L,130,F,L130F,validation,1.061656419,3.0,-1.0,1573,1.27,6.2,0.0,0,0.0,nonfunctional
548,L,130,P,L130P,validation,0.874056978,1.0,0.6,1573,1.21,5.8,0.0,0,0.0,nonfunctional
549,L,130,V,L130V,validation,1.661034578,6.0,0.1,1573,1.35,6.0,0.0,0,0.0,nonfunctional
550,N,131,I,N131I,training,1.612359705,-8.0,-0.2,1383,1.12,5.7,0.0,0,0.0,nonfunctional
551,N,131,S,N131S,training,0.835102909,3.0,-1.3,1383,0.84,5.1,0.0,0,0.0,nonfunctional
557,M,133,K,M133K,validation,1.238687037,-4.0,-0.8,2605,1.03,6.5,0.0,0,0.0,nonfunctional
558,F,134,C,F134C,validation,1.678464945,-12.0,0.0,2815,1.04,5.8,0.0,0,0.0,nonfunctional
559,F,134,L,F134L,validation,1.476273002,3.0,1.0,2815,1.27,6.2,0.0,0,0.0,nonfunctional
560,F,134,V,F134V,validation,0.903133492,1.0,0.3,2815,1.51,6.0,0.0,0,0.0,nonfunctional
561,F,134,Y,F134Y,validation,-0.004627069,8.0,0.5,2815,1.34,6.4,0.0,0,0.0,functional
562,C,135,F,C135F,training,0.929348119,-12.0,0.0,2555,1.04,5.8,0.0,0,0.0,nonfunctional
563,C,135,R,C135R,training,1.086316025,-16.0,-0.2,2555,0.84,5.6,0.0,0,0.0,nonfunctional
564,C,135,S,C135S,training,1.078912848,-18.0,0.0,2555,0.81,5.3,0.0,0,0.0,nonfunctional
565,C,135,W,C135W,training,1.910308152,-24.0,-0.1,2555,1.47,6.1,0.0,0,0.0,nonfunctional
566,C,135,Y,C135Y,training,1.516570928,-1.0,0.1,2555,1.22,6.1,0.0,0,0.0,nonfunctional
567,Q,136,E,Q136E,training,1.43095762,5.0,-1.5,2236,0.73,5.7,0.0,0,0.0,nonfunctional
568,Q,136,P,Q136P,training,1.417338705,-4.0,-0.3,2236,0.83,5.4,0.0,0,0.0,nonfunctional
569,L,137,R,L137R,training,-0.201730699,-4.0,-0.5,1978,1.05,6.1,0.0,0,0.0,functional
570,A,138,G,A138G,validation,0.455838478,1.0,1.8,1896,0.83,4.7,0.0,0,0.0,functional
571,A,138,V,A138V,validation,1.258852427,0.0,-3.9,1896,1.05,5.4,0.0,0,0.0,nonfunctional
572,K,139,N,K139N,training,0.720235253,2.0,2.4,1879,0.72,5.7,0.0,0,0.0,nonfunctional
573,T,140,N,T140N,training,0.191487213,2.0,1.5,2093,0.99,5.5,0.0,0,0.0,functional
574,C,141,G,C141G,training,1.965781989,-15.0,-0.3,2272,0.8,5.3,0.0,0,0.0,nonfunctional
575,C,141,R,C141R,training,1.343660371,-16.0,-0.2,2272,0.84,5.6,0.0,0,0.0,nonfunctional
576,C,141,W,C141W,training,1.692928535,-24.0,-0.1,2272,1.47,6.1,0.0,0,0.0,nonfunctional
577,C,141,Y,C141Y,training,1.685871054,-1.0,0.1,2272,1.22,6.1,0.0,0,0.0,nonfunctional
578,P,142,R,P142R,validation,0.127029583,-3.0,-0.5,2072,1.03,6.1,0.0,0,0.0,functional
579,P,142,T,P142T,validation,0.053660188,-1.0,0.5,2072,0.93,5.5,0.0,0,0.0,functional
580,V,143,G,V143G,training,1.537710364,-5.0,-0.4,1931,1.09,4.6,0.0,0,0.0,nonfunctional
581,V,143,M,V143M,training,1.116455148,6.0,1.0,1931,1.22,5.9,0.0,0,0.0,nonfunctional
582,Q,144,E,Q144E,training,0.807486072,5.0,-1.5,1288,0.73,5.7,0.0,0,0.0,functional
583,Q,144,P,Q144P,training,1.695201042,-4.0,-0.3,1288,0.83,5.4,0.0,0,0.0,nonfunctional
584,L,145,P,L145P,training,1.580916336,1.0,0.6,2266,1.21,5.8,0.0,0,0.0,nonfunctional
585,L,145,Q,L145Q,training,1.698840295,-10.0,1.4,2266,1.07,5.9,0.0,0,0.0,nonfunctional
586,L,145,R,L145R,training,1.477991509,-4.0,-0.5,2266,1.05,6.1,0.0,0,0.0,nonfunctional
588,D,148,A,D148A,validation,0.166243981,0.0,1.0,981,0.56,5.0,6.0,0,6.0,functional
589,D,148,V,D148V,validation,0.767358964,-10.0,0.1,981,0.99,5.6,6.0,0,6.0,functional
590,S,149,A,S149A,validation,0.106492593,0.0,0.4,955,0.8,4.7,0.0,0,0.0,functional
591,S,149,C,S149C,validation,0.353678332,-18.0,0.0,955,0.81,5.3,0.0,0,0.0,functional
600,G,154,A,G154A,training,0.617523846,1.0,-1.8,1302,0.83,4.7,0.0,0,0.0,functional
601,G,154,R,G154R,training,1.209281237,-2.0,-0.8,1302,0.84,6.3,0.0,0,0.0,functional
602,G,154,V,G154V,training,1.094738721,-5.0,0.4,1302,1.09,4.6,0.0,0,0.0,nonfunctional
603,T,155,N,T155N,validation,1.061209201,2.0,1.5,1681,0.99,5.5,0.0,0,0.0,nonfunctional
604,T,155,P,T155P,validation,1.438993167,-1.0,-0.5,1681,0.93,5.5,0.0,0,0.0,nonfunctional
605,R,156,P,R156P,validation,1.550166883,-3.0,0.5,1976,1.03,6.1,6.0,0,6.0,nonfunctional
608,R,158,C,R158C,training,1.312618188,-16.0,0.2,2201,0.84,5.6,4.0,0,4.0,nonfunctional
609,R,158,G,R158G,training,1.711250914,-2.0,0.8,2201,0.84,6.3,4.0,0,4.0,nonfunctional
610,R,158,H,R158H,training,0.904444703,2.0,0.1,2201,0.92,5.9,-2.0,0,4.0,nonfunctional
611,R,158,L,R158L,training,0.734578579,-4.0,0.5,2201,1.05,6.1,4.0,0,4.0,nonfunctional
612,R,158,P,R158P,training,1.532261479,-3.0,0.5,2201,1.03,6.1,4.0,0,4.0,nonfunctional
613,A,159,P,A159P,training,1.539135687,-1.0,-2.0,2117,0.77,5.3,0.0,0,0.0,nonfunctional
614,A,159,V,A159V,training,1.739407213,0.0,-3.9,2117,1.05,5.4,0.0,0,0.0,nonfunctional
615,A,161,S,A161S,validation,0.535225157,0.0,-0.4,2350,0.8,4.7,0.0,0,0.0,nonfunctional
616,A,161,T,A161T,validation,1.336563668,-3.0,0.9,2350,0.97,5.1,0.0,0,0.0,nonfunctional
619,Y,163,C,Y163C,training,1.739417013,-1.0,-0.1,2128,1.22,6.1,0.0,0,0.0,nonfunctional
620,Y,163,D,Y163D,training,2.088776963,-6.0,0.1,2128,1.12,6.2,0.0,0,0.0,nonfunctional
621,Y,163,H,Y163H,training,1.286051747,1.0,0.3,2128,1.23,6.2,0.0,0,0.0,nonfunctional
622,Y,163,N,Y163N,training,1.942712492,1.0,-0.4,2128,1.08,5.9,0.0,0,0.0,nonfunctional
623,K,164,E,K164E,training,1.450963783,6.0,1.7,1421,0.78,5.8,1.0,0,1.0,nonfunctional
625,H,168,P,H168P,training,2.158079523,-4.0,0.2,1322,0.83,5.5,0.0,0,0.0,nonfunctional
626,H,168,Q,H168Q,training,1.132404903,2.0,-0.4,1322,0.79,6.2,0.0,0,0.0,functional
627,H,168,R,H168R,training,1.586639066,2.0,-0.1,1322,0.92,5.9,0.0,0,0.0,nonfunctional
630,T,170,K,T170K,training,0.120571123,1.0,-1.4,1446,1.09,5.7,0.0,0,0.0,functional
631,E,171,A,E171A,training,-0.340826088,0.0,5.7,1932,0.63,5.0,6.0,0,6.0,functional
632,E,171,V,E171V,training,0.367487903,-6.0,-0.1,1932,1.08,5.4,6.0,0,6.0,functional
633,V,172,D,V172D,validation,1.961225486,-10.0,-0.1,2164,0.99,5.6,-3.0,0,0.0,nonfunctional
634,V,172,F,V172F,validation,0.866662088,1.0,-0.3,2164,1.51,6.0,0.0,0,0.0,nonfunctional
635,V,173,A,V173A,training,1.312284401,0.0,3.9,2574,1.05,5.4,0.0,0,0.0,nonfunctional
636,V,173,G,V173G,training,2.182317582,-5.0,-0.4,2574,1.09,4.6,0.0,0,0.0,nonfunctional
637,V,173,L,V173L,training,0.844275485,6.0,-0.1,2574,1.35,6.0,0.0,0,0.0,nonfunctional
638,V,173,M,V173M,training,1.930534412,6.0,1.0,2574,1.22,5.9,0.0,0,0.0,nonfunctional
639,R,174,W,R174W,validation,1.645888316,-6.0,0.2,2136,1.33,5.9,0.0,0,0.0,nonfunctional
643,C,176,F,C176F,training,1.726217347,-12.0,0.0,2102,1.04,5.8,0.0,0,0.0,nonfunctional
644,C,176,G,C176G,training,1.743700053,-15.0,-0.3,2102,0.8,5.3,0.0,0,0.0,nonfunctional
645,C,176,R,C176R,training,1.586029998,-16.0,-0.2,2102,0.84,5.6,0.0,0,0.0,nonfunctional
646,C,176,W,C176W,training,1.932705489,-24.0,-0.1,2102,1.47,6.1,0.0,0,0.0,nonfunctional
647,C,176,Y,C176Y,training,2.030640225,-1.0,0.1,2102,1.22,6.1,0.0,0,0.0,nonfunctional
648,P,177,A,P177A,validation,0.531308761,-1.0,2.0,1840,0.77,5.3,0.0,0,0.0,functional
649,P,177,R,P177R,validation,1.649986416,-3.0,-0.5,1840,1.03,6.1,0.0,0,0.0,nonfunctional
652,H,179,D,H179D,validation,1.97806965,1.0,0.2,2056,0.68,5.8,-1.0,0,0.0,nonfunctional
653,H,179,L,H179L,validation,2.286605126,-4.0,0.3,2056,1.07,5.8,0.0,0,0.0,nonfunctional
654,H,179,N,H179N,validation,1.079493189,5.0,0.3,2056,0.78,5.5,0.0,0,0.0,nonfunctional
655,H,179,Q,H179Q,validation,2.319712816,2.0,-0.4,2056,0.79,6.2,0.0,0,0.0,nonfunctional
656,H,179,R,H179R,validation,1.05797536,2.0,-0.1,2056,0.92,5.9,0.0,0,0.0,nonfunctional
657,H,179,Y,H179Y,validation,1.792180409,1.0,-0.3,2056,1.23,6.2,0.0,0,0.0,nonfunctional
661,R,181,C,R181C,training,0.366497854,-16.0,0.2,1481,0.84,5.6,5.0,0,5.0,nonfunctional
662,R,181,P,R181P,training,0.916882548,-3.0,0.5,1481,1.03,6.1,5.0,0,5.0,nonfunctional
663,C,182,F,C182F,validation,0.191517693,-12.0,0.0,1454,1.04,5.8,0.0,0,0.0,functional
664,S,183,A,S183A,training,0.176563159,0.0,0.4,1015,0.8,4.7,0.0,0,0.0,functional
665,S,183,T,S183T,training,-0.207701436,5.0,-1.6,1015,1.1,5.2,0.0,0,0.0,functional
666,D,184,A,D184A,training,0.251875871,0.0,1.0,1698,0.56,5.0,6.0,0,6.0,functional
667,D,184,E,D184E,training,0.166930529,5.0,-2.7,1698,0.58,5.9,6.0,0,6.0,functional
668,D,184,V,D184V,training,0.39139438,-10.0,0.1,1698,0.99,5.6,6.0,0,6.0,functional
669,S,185,C,S185C,training,0.187636698,-18.0,0.0,1088,0.81,5.3,0.0,0,0.0,functional
670,S,185,T,S185T,training,0.302248692,5.0,-1.6,1088,1.1,5.2,0.0,0,0.0,functional
671,D,186,A,D186A,training,0.544577526,0.0,1.0,1328,0.56,5.0,4.0,0,4.0,functional
672,D,186,Y,D186Y,training,0.578140676,-6.0,-0.1,1328,1.12,6.2,4.0,0,4.0,functional
673,G,187,A,G187A,validation,0.415130359,1.0,-1.8,765,0.83,4.7,0.0,0,0.0,functional
674,L,188,Q,L188Q,training,-0.241457618,-10.0,1.4,1075,1.07,5.9,0.0,0,0.0,functional
675,L,188,R,L188R,training,-0.212516725,-4.0,-0.5,1075,1.05,6.1,0.0,0,0.0,functional
676,A,189,S,A189S,training,0.256051707,0.0,-0.4,1690,0.8,4.7,0.0,0,0.0,functional
677,P,190,L,P190L,training,1.155466452,1.0,-0.6,1783,1.21,5.8,0.0,0,0.0,nonfunctional
678,P,191,A,P191A,training,-0.249933375,-1.0,2.0,1930,0.77,5.3,0.0,0,0.0,functional
679,Q,192,E,Q192E,training,-0.067616926,5.0,-1.5,1824,0.73,5.7,0.0,0,0.0,functional
680,Q,192,P,Q192P,training,0.598799345,-4.0,-0.3,1824,0.83,5.4,0.0,0,0.0,functional
689,I,195,F,I195F,training,1.6707405,3.0,-0.2,2477,1.54,6.2,0.0,0,0.0,nonfunctional
690,I,195,L,I195L,training,-0.044625395,7.0,-0.3,2477,1.21,6.1,0.0,0,0.0,functional
691,I,195,N,I195N,training,1.622781922,-8.0,0.2,2477,1.12,5.7,0.0,0,0.0,nonfunctional
692,I,195,S,I195S,training,1.252839981,-6.0,0.3,2477,1.24,5.4,0.0,0,0.0,nonfunctional
693,I,195,T,I195T,training,1.598132501,-3.0,0.8,2477,1.27,5.8,0.0,0,0.0,nonfunctional
694,I,195,V,I195V,training,0.768613386,8.0,-2.1,2477,1.42,6.0,0.0,0,0.0,functional
697,E,198,A,E198A,training,0.526520178,0.0,5.7,2025,0.63,5.0,0.0,0,0.0,functional
698,E,198,V,E198V,training,0.252269798,-6.0,-0.1,2025,1.08,5.4,0.0,0,0.0,functional
699,G,199,V,G199V,validation,0.746198261,-5.0,0.4,1748,1.09,4.6,0.0,0,0.0,nonfunctional
700,N,200,H,N200H,training,0.286474727,5.0,-0.3,1560,0.78,5.5,-4.0,0,0.0,functional
701,N,200,T,N200T,training,0.068446625,2.0,-1.5,1560,0.99,5.5,0.0,0,0.0,functional
706,Y,205,C,Y205C,training,1.741104425,-1.0,-0.1,1831,1.22,6.1,0.0,0,0.0,nonfunctional
707,Y,205,F,Y205F,training,1.684503161,8.0,-0.5,1831,1.34,6.4,0.0,0,0.0,nonfunctional
708,Y,205,H,Y205H,training,1.462574873,1.0,0.3,1831,1.23,6.2,0.0,0,0.0,nonfunctional
709,Y,205,S,Y205S,training,1.584892386,-1.0,0.1,1831,1.41,5.9,0.0,0,0.0,nonfunctional
710,L,206,F,L206F,training,0.172883287,3.0,-1.0,1485,1.27,6.2,0.0,0,0.0,functional
711,L,206,M,L206M,training,-0.22998337,11.0,0.2,1485,1.06,6.2,0.0,0,0.0,functional
712,L,206,V,L206V,training,-0.085125402,6.0,0.1,1485,1.35,6.0,0.0,0,0.0,functional
713,L,206,W,L206W,training,0.332872132,2.0,0.1,1485,1.37,6.3,0.0,0,0.0,functional
714,D,207,A,D207A,training,-0.012984325,0.0,1.0,1397,0.56,5.0,7.0,0,7.0,functional
715,D,207,V,D207V,training,-0.237735254,-10.0,0.1,1397,0.99,5.6,7.0,0,7.0,functional
717,N,210,I,N210I,training,-0.094483618,-8.0,-0.2,844,1.12,5.7,0.0,0,0.0,functional
718,N,210,K,N210K,training,0.270806391,2.0,-2.4,844,0.72,5.7,0.0,0,0.0,functional
719,T,211,I,T211I,validation,1.528822788,-3.0,-0.8,1502,1.27,5.8,0.0,0,0.0,nonfunctional
720,F,212,C,F212C,training,0.598961796,-12.0,0.0,1436,1.04,5.8,0.0,0,0.0,functional
721,R,213,G,R213G,training,1.202685534,-2.0,0.8,2096,0.84,6.3,0.0,0,0.0,nonfunctional
722,R,213,L,R213L,training,1.175892255,-4.0,0.5,2096,1.05,6.1,0.0,0,0.0,nonfunctional
723,R,213,Q,R213Q,training,1.016928956,7.0,2.0,2096,0.83,6.0,0.0,0,0.0,nonfunctional
724,H,214,N,H214N,validation,0.655855672,5.0,0.3,1988,0.78,5.5,3.0,0,3.0,functional
725,H,214,R,H214R,validation,1.660145096,2.0,-0.1,1988,0.92,5.9,3.0,0,3.0,nonfunctional
726,S,215,G,S215G,training,1.468123755,0.0,-0.1,1993,0.91,4.4,0.0,0,0.0,nonfunctional
727,S,215,I,S215I,training,1.471160579,-6.0,-0.3,1993,1.24,5.4,0.0,0,0.0,nonfunctional
728,S,215,N,S215N,training,1.240735356,3.0,1.3,1993,0.84,5.1,0.0,0,0.0,nonfunctional
729,S,215,R,S215R,training,1.208371862,2.0,-2.2,1993,0.99,5.4,0.0,0,0.0,nonfunctional
730,V,216,E,V216E,validation,1.663244415,-6.0,0.1,2191,1.08,5.4,0.0,0,0.0,nonfunctional
731,V,216,L,V216L,validation,1.038729415,6.0,-0.1,2191,1.35,6.0,0.0,0,0.0,nonfunctional
732,V,216,M,V216M,validation,1.834467813,6.0,1.0,2191,1.22,5.9,0.0,0,0.0,nonfunctional
733,V,218,G,V218G,training,0.840421806,-5.0,-0.4,1884,1.09,4.6,0.0,0,0.0,nonfunctional
734,P,219,A,P219A,training,0.227378271,-1.0,2.0,1536,0.77,5.3,0.0,0,0.0,functional
735,P,219,H,P219H,training,0.112605021,-4.0,-0.2,1536,0.83,5.5,0.0,0,0.0,functional
740,P,222,R,P222R,training,0.621368425,-3.0,-0.5,1247,1.03,6.1,0.0,0,0.0,functional
741,P,223,T,P223T,training,0.429423612,-1.0,0.5,1145,0.93,5.5,0.0,0,0.0,functional
742,E,224,D,E224D,validation,0.263945371,5.0,2.7,1152,0.58,5.9,0.0,0,0.0,nonfunctional
743,E,224,Q,E224Q,validation,0.708859163,5.0,1.5,1152,0.73,5.7,0.0,0,0.0,functional
744,V,225,L,V225L,training,0.212000774,6.0,-0.1,1309,1.35,6.0,0.0,0,0.0,functional
746,S,227,A,S227A,training,0.547331914,0.0,0.4,1054,0.8,4.7,0.0,0,0.0,functional
747,S,227,Y,S227Y,training,0.201279488,-1.0,-0.1,1054,1.41,5.9,0.0,0,0.0,functional
748,C,229,G,C229G,training,0.677975688,-15.0,-0.3,1556,0.8,5.3,0.0,0,0.0,functional
749,C,229,W,C229W,training,0.852866085,-24.0,-0.1,1556,1.47,6.1,0.0,0,0.0,functional
750,I,232,F,I232F,training,1.141363002,3.0,-0.2,2284,1.54,6.2,0.0,0,0.0,nonfunctional
751,I,232,S,I232S,training,1.509754318,-6.0,0.3,2284,1.24,5.4,0.0,0,0.0,nonfunctional
753,Y,234,C,Y234C,training,1.469313284,-1.0,-0.1,2042,1.22,6.1,0.0,0,0.0,nonfunctional
754,Y,234,H,Y234H,training,1.727446345,1.0,0.3,2042,1.23,6.2,0.0,0,0.0,nonfunctional
755,Y,234,N,Y234N,training,1.737947423,1.0,-0.4,2042,1.08,5.9,0.0,0,0.0,nonfunctional
756,Y,234,S,Y234S,training,1.423888672,-1.0,0.1,2042,1.41,5.9,0.0,0,0.0,nonfunctional
757,N,235,H,N235H,training,0.504414117,5.0,-0.3,1814,0.78,5.5,-4.0,0,0.0,functional
759,M,237,I,M237I,training,1.415720687,10.0,-1.3,2444,1.16,5.9,0.0,0,0.0,nonfunctional
760,M,237,K,M237K,training,1.702817288,-4.0,-0.8,2444,1.03,6.5,-1.0,0,0.0,nonfunctional
761,C,238,F,C238F,training,1.473109008,-12.0,0.0,2564,1.04,5.8,0.0,0,0.0,nonfunctional
762,C,238,R,C238R,training,1.659315607,-16.0,-0.2,2564,0.84,5.6,0.0,0,0.0,nonfunctional
763,N,239,D,N239D,training,1.616411267,5.0,-1.3,2446,0.69,5.2,0.0,0,0.0,nonfunctional
764,N,239,S,N239S,training,0.963145421,3.0,-1.3,2446,0.84,5.1,0.0,0,0.0,nonfunctional
765,S,240,C,S240C,validation,1.146844369,-18.0,0.0,2228,0.81,5.3,0.0,0,0.0,nonfunctional
766,S,240,G,S240G,validation,1.131535579,0.0,-0.1,2228,0.91,4.4,0.0,0,0.0,nonfunctional
767,S,241,C,S241C,training,1.577420845,-18.0,0.0,2160,0.81,5.3,0.0,0,0.0,nonfunctional
768,S,241,F,S241F,training,0.85378796,-4.0,-0.5,2160,1.28,5.6,0.0,0,0.0,nonfunctional
769,S,241,P,S241P,training,1.996136461,1.0,-1.8,2160,0.87,5.2,0.0,0,0.0,nonfunctional
770,S,241,Y,S241Y,training,0.799136324,-1.0,-0.1,2160,1.41,5.9,0.0,0,0.0,nonfunctional
771,C,242,F,C242F,training,0.931572473,-12.0,0.0,1899,1.04,5.8,0.0,0,0.0,nonfunctional
772,C,242,G,C242G,training,1.983438631,-15.0,-0.3,1899,0.8,5.3,0.0,0,0.0,nonfunctional
773,C,242,S,C242S,training,1.633524338,-18.0,0.0,1899,0.81,5.3,0.0,0,0.0,nonfunctional
774,C,242,Y,C242Y,training,1.805851413,-1.0,0.1,1899,1.22,6.1,0.0,0,0.0,nonfunctional
775,G,244,C,G244C,training,1.600151694,-15.0,0.3,1794,0.8,5.3,0.0,0,0.0,nonfunctional
776,G,244,D,G244D,training,1.409686663,2.0,1.0,1794,0.61,4.7,-1.0,0,0.0,nonfunctional
777,G,244,S,G244S,training,1.695404539,0.0,0.1,1794,0.91,4.4,0.0,0,0.0,nonfunctional
778,G,244,V,G244V,training,1.825466534,-5.0,0.4,1794,1.09,4.6,0.0,0,0.0,nonfunctional
779,G,245,C,G245C,training,1.217758887,-15.0,0.3,1773,0.8,5.3,0.0,0,0.0,nonfunctional
780,G,245,D,G245D,training,1.311784568,2.0,1.0,1773,0.61,4.7,0.0,0,0.0,nonfunctional
781,G,245,R,G245R,training,1.757456323,-2.0,-0.8,1773,0.84,6.3,0.0,0,0.0,nonfunctional
782,G,245,S,G245S,training,1.146383877,0.0,0.1,1773,0.91,4.4,0.0,0,0.0,nonfunctional
783,G,245,V,G245V,training,1.950994795,-5.0,0.4,1773,1.09,4.6,0.0,0,0.0,nonfunctional
786,N,247,H,N247H,training,0.428103166,5.0,-0.3,1337,0.78,5.5,0.0,0,0.0,functional
787,N,247,I,N247I,training,2.181777873,-8.0,-0.2,1337,1.12,5.7,0.0,0,0.0,nonfunctional
788,R,248,G,R248G,validation,0.655934243,-2.0,0.8,2104,0.84,6.3,0.0,0,0.0,nonfunctional
789,R,248,L,R248L,validation,1.458720515,-4.0,0.5,2104,1.05,6.1,0.0,0,0.0,nonfunctional
790,R,248,P,R248P,validation,2.294467954,-3.0,0.5,2104,1.03,6.1,0.0,0,0.0,nonfunctional
791,R,248,W,R248W,validation,1.552718316,-6.0,0.2,2104,1.33,5.9,0.0,0,0.0,nonfunctional
792,R,249,G,R249G,validation,1.371229579,-2.0,0.8,1917,0.84,6.3,6.0,0,6.0,nonfunctional
793,R,249,M,R249M,validation,1.424324254,-8.0,0.1,1917,1.14,6.3,6.0,0,6.0,nonfunctional
794,R,249,S,R249S,validation,1.985173724,2.0,2.2,1917,0.99,5.4,6.0,0,6.0,nonfunctional
795,R,249,T,R249T,validation,2.042763875,0.0,1.3,1917,1.08,6.0,6.0,0,6.0,nonfunctional
796,R,249,W,R249W,validation,2.273331582,-6.0,0.2,1917,1.33,5.9,6.0,0,6.0,nonfunctional
797,P,250,L,P250L,training,1.682202217,1.0,-0.6,1817,1.21,5.8,0.0,0,0.0,nonfunctional
798,P,250,R,P250R,training,0.656045598,-3.0,-0.5,1817,1.03,6.1,-3.0,0,0.0,functional
799,I,251,F,I251F,training,1.159086336,3.0,-0.2,2308,1.54,6.2,0.0,0,0.0,nonfunctional
800,L,252,P,L252P,training,1.240051647,1.0,0.6,1860,1.21,5.8,0.0,0,0.0,nonfunctional
801,L,252,R,L252R,training,0.304803966,-4.0,-0.5,1860,1.05,6.1,0.0,0,0.0,functional
802,I,254,S,I254S,validation,1.303659995,-6.0,0.3,1983,1.24,5.4,0.0,0,0.0,nonfunctional
803,I,255,F,I255F,training,1.622555788,3.0,-0.2,2345,1.54,6.2,0.0,0,0.0,nonfunctional
804,I,255,L,I255L,training,0.499488716,7.0,-0.3,2345,1.21,6.1,0.0,0,0.0,functional
805,I,255,N,I255N,training,1.679724406,-8.0,0.2,2345,1.12,5.7,0.0,0,0.0,nonfunctional
806,I,255,S,I255S,training,1.257321084,-6.0,0.3,2345,1.24,5.4,0.0,0,0.0,nonfunctional
807,I,255,T,I255T,training,1.302238477,-3.0,0.8,2345,1.27,5.8,0.0,0,0.0,nonfunctional
809,L,257,M,L257M,training,-0.032597171,11.0,0.2,2634,1.06,6.2,0.0,0,0.0,functional
810,L,257,P,L257P,training,1.685955442,1.0,0.6,2634,1.21,5.8,0.0,0,0.0,nonfunctional
811,L,257,Q,L257Q,training,1.712782776,-10.0,1.4,2634,1.07,5.9,0.0,0,0.0,nonfunctional
812,E,258,A,E258A,training,1.67081111,0.0,5.7,1927,0.63,5.0,4.0,0,4.0,nonfunctional
813,E,258,K,E258K,training,1.307254142,6.0,-1.7,1927,0.78,5.8,4.0,0,4.0,nonfunctional
814,E,258,Q,E258Q,training,1.101665507,5.0,1.5,1927,0.73,5.7,4.0,0,4.0,nonfunctional
815,D,259,V,D259V,training,1.298783179,-10.0,0.1,1347,0.99,5.6,0.0,0,0.0,nonfunctional
816,D,259,Y,D259Y,training,1.237341453,-6.0,-0.1,1347,1.12,6.2,0.0,0,0.0,nonfunctional
817,S,261,I,S261I,training,0.612202325,-6.0,-0.3,876,1.24,5.4,0.0,0,0.0,functional
818,G,262,A,G262A,training,0.648371985,1.0,-1.8,1357,0.83,4.7,0.0,0,0.0,functional
819,G,262,C,G262C,training,0.302793934,-15.0,0.3,1357,0.8,5.3,0.0,0,0.0,functional
820,G,262,R,G262R,training,0.611804654,-2.0,-0.8,1357,0.84,6.3,0.0,0,0.0,functional
821,G,262,V,G262V,training,0.969797999,-5.0,0.4,1357,1.09,4.6,0.0,0,0.0,nonfunctional
825,L,264,P,L264P,training,0.766569896,1.0,0.6,1719,1.21,5.8,0.0,0,0.0,functional
826,L,264,Q,L264Q,training,0.789673485,-10.0,1.4,1719,1.07,5.9,0.0,0,0.0,functional
827,L,264,V,L264V,training,0.422546344,6.0,0.1,1719,1.35,6.0,0.0,0,0.0,functional
828,L,265,P,L265P,training,1.527786425,1.0,0.6,2034,1.21,5.8,0.0,0,0.0,nonfunctional
829,L,265,R,L265R,training,0.858404038,-4.0,-0.5,2034,1.05,6.1,0.0,0,0.0,nonfunctional
830,L,265,V,L265V,training,0.534922308,6.0,0.1,2034,1.35,6.0,0.0,0,0.0,functional
834,R,267,L,R267L,training,0.569822987,-4.0,0.5,1830,1.05,6.1,0.0,0,0.0,nonfunctional
835,R,267,P,R267P,training,1.699424936,-3.0,0.5,1830,1.03,6.1,0.0,0,0.0,nonfunctional
836,R,267,Q,R267Q,training,0.398898669,7.0,2.0,1830,0.83,6.0,0.0,0,0.0,nonfunctional
837,R,267,W,R267W,training,1.030361367,-6.0,0.2,1830,1.33,5.9,0.0,0,0.0,nonfunctional
838,N,268,D,N268D,training,0.140500161,5.0,-1.3,2053,0.69,5.2,0.0,0,0.0,functional
839,N,268,K,N268K,training,0.424191773,2.0,-2.4,2053,0.72,5.7,0.0,0,0.0,functional
840,N,268,T,N268T,training,0.617663378,2.0,-1.5,2053,0.99,5.5,0.0,0,0.0,functional
841,F,270,C,F270C,training,1.691169779,-12.0,0.0,2115,1.04,5.8,0.0,0,0.0,nonfunctional
842,F,270,L,F270L,training,0.811785358,3.0,1.0,2115,1.27,6.2,0.0,0,0.0,nonfunctional
843,F,270,S,F270S,training,1.371587472,-4.0,0.5,2115,1.28,5.6,0.0,0,0.0,nonfunctional
844,E,271,K,E271K,validation,0.818392958,6.0,-1.7,1809,0.78,5.8,2.0,0,2.0,nonfunctional
845,E,271,V,E271V,validation,1.26036635,-6.0,-0.1,1809,1.08,5.4,2.0,0,2.0,nonfunctional
848,R,273,C,R273C,training,1.261347254,-16.0,0.2,2746,0.84,5.6,6.0,0,6.0,nonfunctional
849,R,273,G,R273G,training,1.795177364,-2.0,0.8,2746,0.84,6.3,6.0,0,6.0,nonfunctional
850,R,273,H,R273H,training,1.14550082,2.0,0.1,2746,0.92,5.9,3.0,0,6.0,nonfunctional
851,R,273,L,R273L,training,1.346060405,-4.0,0.5,2746,1.05,6.1,6.0,0,6.0,nonfunctional
852,R,273,P,R273P,training,1.553757957,-3.0,0.5,2746,1.03,6.1,6.0,0,6.0,nonfunctional
853,R,273,S,R273S,training,1.042686259,2.0,2.2,2746,0.99,5.4,6.0,0,6.0,nonfunctional
854,V,274,D,V274D,training,1.804819584,-10.0,-0.1,2703,0.99,5.6,0.0,0,0.0,nonfunctional
855,V,274,F,V274F,training,1.588721766,1.0,-0.3,2703,1.51,6.0,0.0,0,0.0,nonfunctional
856,V,274,G,V274G,training,1.853772766,-5.0,-0.4,2703,1.09,4.6,0.0,0,0.0,nonfunctional
857,C,275,F,C275F,training,1.664227685,-12.0,0.0,2781,1.04,5.8,0.0,0,0.0,nonfunctional
858,C,275,G,C275G,training,0.448252929,-15.0,-0.3,2781,0.8,5.3,0.0,0,0.0,nonfunctional
859,C,275,R,C275R,training,1.618916085,-16.0,-0.2,2781,0.84,5.6,0.0,0,0.0,nonfunctional
860,C,275,W,C275W,training,1.94224381,-24.0,-0.1,2781,1.47,6.1,0.0,0,0.0,nonfunctional
861,C,275,Y,C275Y,training,1.845477319,-1.0,0.1,2781,1.22,6.1,0.0,0,0.0,nonfunctional
862,A,276,D,A276D,training,1.26890555,0.0,-1.0,2663,0.56,5.0,0.0,0,0.0,nonfunctional
863,A,276,G,A276G,training,0.465064564,1.0,1.8,2663,0.83,4.7,0.0,0,0.0,nonfunctional
864,A,276,P,A276P,training,0.763516551,-1.0,-2.0,2663,0.77,5.3,0.0,0,0.0,nonfunctional
865,C,277,F,C277F,training,0.617759769,-12.0,0.0,3090,1.04,5.8,0.0,1,0.0,nonfunctional
866,C,277,Y,C277Y,training,0.565304037,-1.0,0.1,3090,1.22,6.1,0.0,1,0.0,nonfunctional
867,P,278,A,P278A,training,2.096922063,-1.0,2.0,2607,0.77,5.3,0.0,0,0.0,nonfunctional
868,P,278,H,P278H,training,1.759648368,-4.0,-0.2,2607,0.83,5.5,0.0,0,0.0,nonfunctional
869,P,278,L,P278L,training,1.713279305,1.0,-0.6,2607,1.21,5.8,0.0,0,0.0,nonfunctional
870,P,278,R,P278R,training,1.966202397,-3.0,-0.5,2607,1.03,6.1,0.0,0,0.0,nonfunctional
871,P,278,S,P278S,training,1.455574566,1.0,1.8,2607,0.87,5.2,0.0,0,0.0,nonfunctional
872,P,278,T,P278T,training,1.74138834,-1.0,0.5,2607,0.93,5.5,0.0,0,0.0,nonfunctional
873,G,279,A,G279A,training,0.437436089,1.0,-1.8,2236,0.83,4.7,0.0,1,0.0,functional
874,G,279,E,G279E,training,0.535942383,0.0,0.0,2236,0.87,5.6,-1.0,1,0.0,nonfunctional
875,R,280,G,R280G,training,1.250418521,-2.0,0.8,2945,0.84,6.3,0.0,1,0.0,nonfunctional
876,R,280,I,R280I,training,0.927190098,-7.0,0.2,2945,1.23,6.1,0.0,1,0.0,nonfunctional
877,R,280,K,R280K,training,0.370045028,7.0,3.4,2945,0.84,6.3,0.0,1,0.0,nonfunctional
878,R,280,S,R280S,training,1.03452565,2.0,2.2,2945,0.99,5.4,0.0,1,0.0,nonfunctional
879,R,280,T,R280T,training,0.899034023,0.0,1.3,2945,1.08,6.0,0.0,1,0.0,nonfunctional
885,R,282,G,R282G,training,1.718690103,-2.0,0.8,2464,0.84,6.3,5.0,0,5.0,nonfunctional
886,R,282,Q,R282Q,training,0.670706303,7.0,2.0,2464,0.83,6.0,5.0,0,5.0,nonfunctional
887,R,282,W,R282W,training,1.590702967,-6.0,0.2,2464,1.33,5.9,5.0,0,5.0,nonfunctional
888,R,283,P,R283P,validation,1.563749641,-3.0,0.5,1562,1.03,6.1,0.0,0,0.0,nonfunctional
889,T,284,R,T284R,validation,0.360506021,0.0,-1.3,1658,1.08,6.0,0.0,0,0.0,functional
892,E,286,A,E286A,training,1.948842646,0.0,5.7,1779,0.63,5.0,5.0,0,5.0,nonfunctional
893,E,286,G,E286G,training,1.645543841,0.0,0.0,1779,0.87,5.6,5.0,0,5.0,nonfunctional
894,E,286,K,E286K,training,1.539525019,6.0,-1.7,1779,0.78,5.8,5.0,0,5.0,nonfunctional
895,E,286,Q,E286Q,training,1.741860595,5.0,1.5,1779,0.73,5.7,5.0,0,5.0,nonfunctional
896,E,286,V,E286V,training,1.885416192,-6.0,-0.1,1779,1.08,5.4,5.0,0,5.0,nonfunctional
899,N,288,D,N288D,training,0.22494703,5.0,-1.3,1130,0.69,5.2,0.0,0,0.0,functional
900,N,288,H,N288H,training,0.394651502,5.0,-0.3,1130,0.78,5.5,0.0,0,0.0,functional
901,N,288,I,N288I,training,0.182388737,-8.0,-0.2,1130,1.12,5.7,0.0,0,0.0,functional
902,N,288,K,N288K,training,-0.027507438,2.0,-2.4,1130,0.72,5.7,0.0,0,0.0,functional
903,L,289,F,L289F,training,-0.031705333,3.0,-1.0,1219,1.27,6.2,0.0,0,0.0,nonfunctional
904,L,289,R,L289R,training,0.001262363,-4.0,-0.5,1219,1.05,6.1,0.0,0,0.0,functional
905,R,290,C,R290C,training,0.082395511,-16.0,0.2,883,0.84,5.6,5.0,0,5.0,nonfunctional
906,R,290,S,R290S,training,0.227181873,2.0,2.2,883,0.99,5.4,5.0,0,5.0,functional
907,K,292,Q,K292Q,validation,-0.332796399,4.0,1.9,744,0.75,5.8,0.0,0,0.0,functional
908,G,293,A,G293A,validation,-0.071477501,1.0,-1.8,659,0.83,4.7,0.0,0,0.0,functional
910,P,295,R,P295R,training,0.598179145,-3.0,-0.5,445,1.03,6.1,0.0,0,0.0,functional
911,P,295,T,P295T,training,0.34913596,-1.0,0.5,445,0.93,5.5,0.0,0,0.0,functional
913,H,297,D,H297D,training,0.450061112,1.0,0.2,293,0.68,5.8,0.0,0,0.0,functional
914,H,297,L,H297L,training,0.362766767,-4.0,0.3,293,1.07,5.8,0.0,0,0.0,functional
915,H,297,N,H297N,training,0.163984767,5.0,0.3,293,0.78,5.5,0.0,0,0.0,functional
916,H,297,Q,H297Q,training,0.183295984,2.0,-0.4,293,0.79,6.2,0.0,0,0.0,functional
918,L,299,M,L299M,training,0.539558022,11.0,0.2,336,1.06,6.2,0.0,0,0.0,functional
919,L,299,R,L299R,training,0.571752288,-4.0,-0.5,336,1.05,6.1,0.0,0,0.0,functional
920,L,299,V,L299V,training,0.315375148,6.0,0.1,336,1.35,6.0,0.0,0,0.0,functional
921,P,300,R,P300R,training,1.023300141,-3.0,-0.5,358,1.03,6.1,0.0,0,0.0,functional
922,P,300,T,P300T,training,0.45414702,-1.0,0.5,358,0.93,5.5,0.0,0,0.0,functional
923,P,301,R,P301R,training,0.332657033,-3.0,-0.5,323,1.03,6.1,0.0,0,0.0,functional
924,P,301,T,P301T,training,0.464755788,-1.0,0.5,323,0.93,5.5,0.0,0,0.0,functional
926,S,303,G,S303G,training,-0.118383206,0.0,-0.1,344,0.91,4.4,0.0,0,0.0,functional
927,S,303,R,S303R,training,-0.339192887,2.0,-2.2,344,0.99,5.4,0.0,0,0.0,functional
928,T,304,N,T304N,training,-0.247461776,2.0,1.5,327,0.99,5.5,0.0,0,0.0,functional
929,T,304,P,T304P,training,-0.997263297,-1.0,-0.5,327,0.93,5.5,0.0,0,0.0,functional
930,T,304,S,T304S,training,-0.696554651,5.0,1.6,327,1.1,5.2,0.0,0,0.0,functional
931,K,305,Q,K305Q,training,-1.506004385,4.0,1.9,259,0.75,5.8,0.0,0,0.0,functional
935,L,308,P,L308P,training,-0.299011777,1.0,0.6,218,1.21,5.8,0.0,0,0.0,functional
936,L,308,Q,L308Q,training,-0.590700137,-10.0,1.4,218,1.07,5.9,0.0,0,0.0,functional
937,L,308,R,L308R,training,-0.687890651,-4.0,-0.5,218,1.05,6.1,0.0,0,0.0,functional
938,P,309,A,P309A,validation,-0.806314934,-1.0,2.0,303,0.77,5.3,0.0,0,0.0,functional
939,P,309,R,P309R,validation,-1.688614859,-3.0,-0.5,303,1.03,6.1,0.0,0,0.0,functional
940,N,310,D,N310D,training,-0.489606849,5.0,-1.3,276,0.69,5.2,0.0,0,0.0,functional
941,N,310,H,N310H,training,-0.637130422,5.0,-0.3,276,0.78,5.5,0.0,0,0.0,functional
942,N,310,S,N310S,training,-0.463663332,3.0,-1.3,276,0.84,5.1,0.0,0,0.0,functional
943,N,310,Y,N310Y,training,-0.80640464,1.0,0.4,276,1.08,5.9,0.0,0,0.0,functional
944,N,311,D,N311D,training,-0.515340548,5.0,-1.3,335,0.69,5.2,0.0,0,0.0,functional
945,N,311,I,N311I,training,-0.837049873,-8.0,-0.2,335,1.12,5.7,0.0,0,0.0,functional
949,S,313,C,S313C,training,-1.014964262,-18.0,0.0,401,0.81,5.3,0.0,0,0.0,functional
950,S,313,G,S313G,training,-0.464757148,0.0,-0.1,401,0.91,4.4,0.0,0,0.0,functional
951,S,313,I,S313I,training,-0.160835063,-6.0,-0.3,401,1.24,5.4,0.0,0,0.0,functional
957,S,315,A,S315A,training,-0.834426989,0.0,0.4,355,0.8,4.7,0.0,0,0.0,functional
958,S,315,T,S315T,training,-0.100110318,5.0,-1.6,355,1.1,5.2,0.0,0,0.0,functional
959,S,315,Y,S315Y,training,-0.270602529,-1.0,-0.1,355,1.41,5.9,0.0,0,0.0,functional
963,Q,317,E,Q317E,validation,-0.602346455,5.0,-1.5,300,0.73,5.7,0.0,0,0.0,functional
964,Q,317,L,Q317L,validation,-0.063882221,-10.0,-1.4,300,1.07,5.9,0.0,0,0.0,functional
965,Q,317,P,Q317P,validation,-0.632304951,-4.0,-0.3,300,0.83,5.4,0.0,0,0.0,functional
966,P,318,Q,P318Q,training,-0.647556502,-4.0,0.3,273,0.83,5.4,0.0,0,0.0,functional
967,P,318,R,P318R,training,-0.40608663,-3.0,-0.5,273,1.03,6.1,0.0,0,0.0,functional
968,P,318,T,P318T,training,-0.379825489,-1.0,0.5,273,0.93,5.5,0.0,0,0.0,functional
969,K,319,M,K319M,training,-0.716218095,-4.0,0.8,244,1.03,6.5,0.0,0,0.0,functional
970,K,319,Q,K319Q,training,-1.53759464,4.0,1.9,244,0.75,5.8,0.0,0,0.0,functional
971,K,319,R,K319R,training,-0.844372156,7.0,-3.4,244,0.84,6.3,0.0,0,0.0,functional
972,K,319,T,K319T,training,-0.618749015,1.0,1.4,244,1.09,5.7,0.0,0,0.0,functional
983,P,322,A,P322A,training,-0.838130762,-1.0,2.0,393,0.77,5.3,0.0,0,0.0,functional
984,P,322,Q,P322Q,training,-0.353731373,-4.0,0.3,393,0.83,5.4,0.0,0,0.0,functional
985,P,322,S,P322S,training,-0.391415287,1.0,1.8,393,0.87,5.2,0.0,0,0.0,functional
986,P,322,T,P322T,training,-0.581336518,-1.0,0.5,393,0.93,5.5,0.0,0,0.0,functional
991,D,324,A,D324A,training,-0.613447985,0.0,1.0,481,0.56,5.0,0.0,0,0.0,functional
992,D,324,V,D324V,training,-0.692821887,-10.0,0.1,481,0.99,5.6,0.0,0,0.0,functional
993,D,324,Y,D324Y,training,-0.128475556,-6.0,-0.1,481,1.12,6.2,0.0,0,0.0,functional
994,G,325,R,G325R,training,0.048501485,-2.0,-0.8,527,0.84,6.3,0.0,0,0.0,functional
995,E,326,A,E326A,training,-1.250302141,0.0,5.7,618,0.63,5.0,0.0,0,0.0,functional
996,E,326,D,E326D,training,-0.818637275,5.0,2.7,618,0.58,5.9,0.0,0,0.0,functional
997,E,326,G,E326G,training,-0.48339372,0.0,0.0,618,0.87,5.6,0.0,0,0.0,functional
998,E,326,Q,E326Q,training,-0.710635615,5.0,1.5,618,0.73,5.7,0.0,0,0.0,functional
999,E,326,V,E326V,training,-0.550762346,-6.0,-0.1,618,1.08,5.4,0.0,0,0.0,functional
1000,Y,327,C,Y327C,training,-0.53526977,-1.0,-0.1,683,1.22,6.1,0.0,0,0.0,functional
1001,Y,327,D,Y327D,training,-1.345486876,-6.0,0.1,683,1.12,6.2,0.0,0,0.0,functional
1002,Y,327,F,Y327F,training,-0.686556479,8.0,-0.5,683,1.34,6.4,0.0,0,0.0,functional
1003,Y,327,H,Y327H,training,-0.838016595,1.0,0.3,683,1.23,6.2,0.0,0,0.0,functional
1004,Y,327,N,Y327N,training,-0.365901874,1.0,-0.4,683,1.08,5.9,0.0,0,0.0,functional
1005,Y,327,S,Y327S,training,-1.202176305,-1.0,0.1,683,1.41,5.9,0.0,0,0.0,functional
1006,F,328,C,F328C,training,-1.119352243,-12.0,0.0,982,1.04,5.8,0.0,0,0.0,functional
1007,F,328,I,F328I,training,-0.955732918,3.0,0.2,982,1.54,6.2,0.0,0,0.0,functional
1008,F,328,V,F328V,training,-1.370500689,1.0,0.3,982,1.51,6.0,0.0,0,0.0,functional
1009,F,328,Y,F328Y,training,-0.675132478,8.0,0.5,982,1.34,6.4,0.0,0,0.0,functional
1010,T,329,A,T329A,training,0.226181246,-3.0,-0.9,682,0.97,5.1,0.0,0,0.0,functional
1011,T,329,N,T329N,training,-0.380614177,2.0,1.5,682,0.99,5.5,0.0,0,0.0,functional
1012,T,329,P,T329P,training,-1.335375953,-1.0,-0.5,682,0.93,5.5,0.0,0,0.0,functional
1013,L,330,I,L330I,validation,-0.215529695,7.0,0.3,1411,1.21,6.1,0.0,0,0.0,functional
1014,L,330,V,L330V,validation,-0.938478712,6.0,0.1,1411,1.35,6.0,0.0,0,0.0,functional
1015,Q,331,H,Q331H,validation,-0.028085986,2.0,0.4,647,0.79,6.2,0.0,0,0.0,nonfunctional
1016,Q,331,K,Q331K,validation,-0.061339868,4.0,-1.9,647,0.75,5.8,0.0,0,0.0,functional
1017,Q,331,L,Q331L,validation,-0.519901923,-10.0,-1.4,647,1.07,5.9,0.0,0,0.0,functional
1018,I,332,L,I332L,training,-1.418502365,7.0,-0.3,1498,1.21,6.1,0.0,0,0.0,functional
1019,I,332,M,I332M,training,-1.36239389,10.0,1.3,1498,1.16,5.9,0.0,0,0.0,functional
1020,I,332,T,I332T,training,-1.274925973,-3.0,0.8,1498,1.27,5.8,0.0,0,0.0,functional
1021,R,333,G,R333G,training,-1.912992855,-2.0,0.8,1005,0.84,6.3,0.0,0,0.0,functional
1022,R,333,L,R333L,training,-0.846294123,-4.0,0.5,1005,1.05,6.1,0.0,0,0.0,functional
1023,R,333,P,R333P,training,-1.919722336,-3.0,0.5,1005,1.03,6.1,0.0,0,0.0,functional
1025,R,335,G,R335G,training,-1.355531221,-2.0,0.8,849,0.84,6.3,3.0,0,3.0,functional
1026,R,335,P,R335P,training,-1.318519741,-3.0,0.5,849,1.03,6.1,3.0,0,3.0,functional
1027,R,335,S,R335S,training,-0.887264843,2.0,2.2,849,0.99,5.4,3.0,0,3.0,functional
1028,E,336,A,E336A,training,-0.833666859,0.0,5.7,750,0.63,5.0,0.0,0,0.0,functional
1029,E,336,D,E336D,training,-0.751004909,5.0,2.7,750,0.58,5.9,0.0,0,0.0,functional
1030,E,336,G,E336G,training,-0.740577907,0.0,0.0,750,0.87,5.6,0.0,0,0.0,functional
1031,E,336,Q,E336Q,training,-0.790366172,5.0,1.5,750,0.73,5.7,0.0,0,0.0,functional
1032,E,336,V,E336V,training,-0.787792167,-6.0,-0.1,750,1.08,5.4,0.0,0,0.0,functional
1033,R,337,C,R337C,training,-0.984937807,-16.0,0.2,1554,0.84,5.6,5.0,0,5.0,nonfunctional
1034,R,337,L,R337L,training,-0.69779776,-4.0,0.5,1554,1.05,6.1,5.0,0,5.0,nonfunctional
1039,E,339,A,E339A,training,-1.005968274,0.0,5.7,907,0.63,5.0,3.0,0,3.0,functional
1040,E,339,D,E339D,training,-0.386411213,5.0,2.7,907,0.58,5.9,2.0,0,3.0,functional
1041,E,339,V,E339V,training,-0.94879382,-6.0,-0.1,907,1.08,5.4,3.0,0,3.0,functional
1045,F,341,I,F341I,training,-1.012022613,3.0,0.2,1932,1.54,6.2,0.0,0,0.0,functional
1046,F,341,V,F341V,training,-1.386114858,1.0,0.3,1932,1.51,6.0,0.0,0,0.0,functional
1047,F,341,Y,F341Y,training,-1.493310432,8.0,0.5,1932,1.34,6.4,0.0,0,0.0,functional
1049,E,343,A,E343A,training,-0.571907261,0.0,5.7,1479,0.63,5.0,1.0,0,1.0,functional
1050,E,343,D,E343D,training,-0.594857624,5.0,2.7,1479,0.58,5.9,0.0,0,1.0,functional
1051,E,343,Q,E343Q,training,-0.670059076,5.0,1.5,1479,0.73,5.7,1.0,0,1.0,functional
1052,E,343,V,E343V,training,-0.708419506,-6.0,-0.1,1479,1.08,5.4,1.0,0,1.0,functional
1053,L,344,M,L344M,training,-0.11920227,11.0,0.2,1869,1.06,6.2,0.0,0,0.0,functional
1054,L,344,V,L344V,training,-1.321931122,6.0,0.1,1869,1.35,6.0,0.0,0,0.0,functional
1061,E,346,A,E346A,training,-0.68282118,0.0,5.7,1272,0.63,5.0,5.0,0,5.0,functional
1062,E,346,D,E346D,training,-0.696435481,5.0,2.7,1272,0.58,5.9,4.0,0,5.0,functional
1063,E,346,G,E346G,training,-0.27186398,0.0,0.0,1272,0.87,5.6,5.0,0,5.0,functional
1064,E,346,K,E346K,training,0.295207206,6.0,-1.7,1272,0.78,5.8,5.0,0,5.0,functional
1065,E,346,Q,E346Q,training,-0.592561572,5.0,1.5,1272,0.73,5.7,5.0,0,5.0,functional
1066,E,346,V,E346V,training,-0.432933429,-6.0,-0.1,1272,1.08,5.4,5.0,0,5.0,functional
1067,A,347,S,A347S,training,-0.729247807,0.0,-0.4,1835,0.8,4.7,0.0,0,0.0,functional
1068,L,348,M,L348M,training,-0.074662612,11.0,0.2,1886,1.06,6.2,0.0,0,0.0,functional
1069,L,348,S,L348S,training,-0.983689137,-4.0,-0.1,1886,1.09,5.6,0.0,0,0.0,functional
1070,L,348,V,L348V,training,-1.139683139,6.0,0.1,1886,1.35,6.0,0.0,0,0.0,functional
1071,E,349,A,E349A,training,-1.286626696,0.0,5.7,1221,0.63,5.0,0.0,0,0.0,functional
1072,E,349,D,E349D,training,-0.80786717,5.0,2.7,1221,0.58,5.9,0.0,0,0.0,functional
1073,E,349,G,E349G,training,-0.776820118,0.0,0.0,1221,0.87,5.6,0.0,0,0.0,functional
1074,E,349,Q,E349Q,training,-1.121035558,5.0,1.5,1221,0.73,5.7,0.0,0,0.0,functional
1075,E,349,V,E349V,training,-0.998632103,-6.0,-0.1,1221,1.08,5.4,0.0,0,0.0,functional
1076,L,350,H,L350H,training,-1.007459513,-4.0,-0.3,1504,1.07,5.8,0.0,0,0.0,functional
1077,L,350,I,L350I,training,-0.64303841,7.0,0.3,1504,1.21,6.1,0.0,0,0.0,functional
1078,L,350,R,L350R,training,-1.1497199,-4.0,-0.5,1504,1.05,6.1,0.0,0,0.0,functional
1079,L,350,V,L350V,training,-1.072868724,6.0,0.1,1504,1.35,6.0,0.0,0,0.0,functional
1080,K,351,M,K351M,training,-0.552690109,-4.0,0.8,1448,1.03,6.5,2.0,0,2.0,functional
1081,K,351,Q,K351Q,training,-1.029440377,4.0,1.9,1448,0.75,5.8,2.0,0,2.0,functional
1082,K,351,R,K351R,training,-0.731596837,7.0,-3.4,1448,0.84,6.3,1.0,0,2.0,functional
1083,K,351,T,K351T,training,-1.135267969,1.0,1.4,1448,1.09,5.7,2.0,0,2.0,functional
1084,D,352,A,D352A,validation,-0.993917775,0.0,1.0,949,0.56,5.0,5.0,0,5.0,functional
1085,D,352,E,D352E,validation,-0.42574249,5.0,-2.7,949,0.58,5.9,5.0,0,5.0,functional
1086,D,352,G,D352G,validation,-0.791598429,2.0,-1.0,949,0.61,4.7,5.0,0,5.0,functional
1087,D,352,H,D352H,validation,-0.912953194,1.0,-0.2,949,0.68,5.8,5.0,0,5.0,functional
1088,D,352,V,D352V,validation,-1.228166452,-10.0,0.1,949,0.99,5.6,5.0,0,5.0,functional
1089,A,353,D,A353D,validation,-0.688390037,0.0,-1.0,754,0.56,5.0,0.0,0,0.0,functional
1090,A,353,G,A353G,validation,-0.567679102,1.0,1.8,754,0.83,4.7,0.0,0,0.0,functional
1091,A,353,P,A353P,validation,-1.008246623,-1.0,-2.0,754,0.77,5.3,0.0,0,0.0,functional
1092,A,353,S,A353S,validation,-0.691677799,0.0,-0.4,754,0.8,4.7,0.0,0,0.0,functional
1093,A,353,V,A353V,validation,-0.352064189,0.0,-3.9,754,1.05,5.4,0.0,0,0.0,functional
1094,Q,354,H,Q354H,training,-0.369673429,2.0,0.4,889,0.79,6.2,0.0,0,0.0,functional
1095,Q,354,L,Q354L,training,-0.521112988,-10.0,-1.4,889,1.07,5.9,0.0,0,0.0,functional
1096,Q,354,P,Q354P,training,-0.984221612,-4.0,-0.3,889,0.83,5.4,0.0,0,0.0,functional
1097,A,355,D,A355D,validation,-0.780624143,0.0,-1.0,585,0.56,5.0,0.0,0,0.0,functional
1098,A,355,G,A355G,validation,-1.13630608,1.0,1.8,585,0.83,4.7,0.0,0,0.0,functional
1099,A,355,P,A355P,validation,-0.869660013,-1.0,-2.0,585,0.77,5.3,0.0,0,0.0,functional
1100,A,355,S,A355S,validation,-0.416013054,0.0,-0.4,585,0.8,4.7,0.0,0,0.0,functional
1101,A,355,T,A355T,validation,-0.422623869,-3.0,0.9,585,0.97,5.1,0.0,0,0.0,functional
1102,G,356,A,G356A,training,-0.983608866,1.0,-1.8,508,0.83,4.7,0.0,0,0.0,functional
1103,G,356,E,G356E,training,-0.418338523,0.0,0.0,508,0.87,5.6,0.0,0,0.0,functional
1104,G,356,V,G356V,training,-0.575873303,-5.0,0.4,508,1.09,4.6,0.0,0,0.0,functional
1105,K,357,E,K357E,training,-0.825355378,6.0,1.7,429,0.78,5.8,0.0,0,0.0,functional
1106,K,357,M,K357M,training,-0.938599586,-4.0,0.8,429,1.03,6.5,0.0,0,0.0,functional
1107,K,357,N,K357N,training,-0.859336509,2.0,2.4,429,0.72,5.7,0.0,0,0.0,functional
1108,K,357,Q,K357Q,training,-1.04844945,4.0,1.9,429,0.75,5.8,0.0,0,0.0,functional
1109,K,357,R,K357R,training,-0.823881125,7.0,-3.4,429,0.84,6.3,0.0,0,0.0,functional
1110,K,357,T,K357T,training,-1.026791471,1.0,1.4,429,1.09,5.7,0.0,0,0.0,functional
1119,G,360,E,G360E,training,-0.884793466,0.0,0.0,258,0.87,5.6,0.0,0,0.0,functional
1120,G,360,W,G360W,training,-0.673610936,-10.0,-0.1,258,1.28,5.2,0.0,0,0.0,functional
1121,G,361,A,G361A,validation,-1.491817848,1.0,-1.8,270,0.83,4.7,0.0,0,0.0,functional
1122,G,361,V,G361V,validation,-0.570536113,-5.0,0.4,270,1.09,4.6,0.0,0,0.0,functional
1123,G,361,W,G361W,validation,-0.49524977,-10.0,-0.1,270,1.28,5.2,0.0,0,0.0,functional
1124,S,362,C,S362C,training,-0.263388502,-18.0,0.0,237,0.81,5.3,0.0,0,0.0,functional
1125,S,362,I,S362I,training,-0.550751839,-6.0,-0.3,237,1.24,5.4,0.0,0,0.0,functional
1126,S,362,N,S362N,training,-0.143845797,3.0,1.3,237,0.84,5.1,0.0,0,0.0,functional
1127,S,362,R,S362R,training,-0.533563445,2.0,-2.2,237,0.99,5.4,0.0,0,0.0,functional
1128,S,362,T,S362T,training,-0.915119533,5.0,-1.6,237,1.1,5.2,0.0,0,0.0,functional
1129,R,363,G,R363G,training,-0.867699154,-2.0,0.8,278,0.84,6.3,0.0,0,0.0,functional
1130,R,363,K,R363K,training,-0.260340804,7.0,3.4,278,0.84,6.3,0.0,0,0.0,functional
1131,R,363,M,R363M,training,-0.446282532,-8.0,0.1,278,1.14,6.3,0.0,0,0.0,functional
1132,R,363,S,R363S,training,-0.363338457,2.0,2.2,278,0.99,5.4,0.0,0,0.0,functional
1133,R,363,T,R363T,training,-1.282477429,0.0,1.3,278,1.08,6.0,0.0,0,0.0,functional
1134,R,363,W,R363W,training,-0.767564959,-6.0,0.2,278,1.33,5.9,0.0,0,0.0,functional
1135,A,364,D,A364D,training,-0.339199311,0.0,-1.0,315,0.56,5.0,0.0,0,0.0,functional
1136,A,364,G,A364G,training,-1.085536315,1.0,1.8,315,0.83,4.7,0.0,0,0.0,functional
1137,A,364,P,A364P,training,-0.902858197,-1.0,-2.0,315,0.77,5.3,0.0,0,0.0,functional
1138,A,364,S,A364S,training,-0.354340267,0.0,-0.4,315,0.8,4.7,0.0,0,0.0,functional
1139,H,365,D,H365D,training,-0.933930381,1.0,0.2,318,0.68,5.8,0.0,0,0.0,functional
1140,H,365,L,H365L,training,-0.887838976,-4.0,0.3,318,1.07,5.8,0.0,0,0.0,functional
1141,H,365,N,H365N,training,-0.21976374,5.0,0.3,318,0.78,5.5,0.0,0,0.0,functional
1142,H,365,P,H365P,training,-1.010693064,-4.0,0.2,318,0.83,5.5,0.0,0,0.0,functional
1143,H,365,Q,H365Q,training,-0.248576878,2.0,-0.4,318,0.79,6.2,0.0,0,0.0,functional
1144,H,365,R,H365R,training,-0.156484991,2.0,-0.1,318,0.92,5.9,0.0,0,0.0,functional
1145,S,366,C,S366C,training,-1.690129651,-18.0,0.0,284,0.81,5.3,0.0,0,0.0,functional
1146,S,366,F,S366F,training,-0.1552909,-4.0,-0.5,284,1.28,5.6,0.0,0,0.0,functional
1147,S,366,P,S366P,training,-0.547609814,1.0,-1.8,284,0.87,5.2,0.0,0,0.0,functional
1148,S,366,T,S366T,training,-0.843833245,5.0,-1.6,284,1.1,5.2,0.0,0,0.0,functional
1149,S,366,Y,S366Y,training,-0.118999956,-1.0,-0.1,284,1.41,5.9,0.0,0,0.0,functional
1150,S,367,C,S367C,training,-0.606376179,-18.0,0.0,275,0.81,5.3,0.0,0,0.0,functional
1151,S,367,G,S367G,training,-0.011920392,0.0,-0.1,275,0.91,4.4,0.0,0,0.0,functional
1152,S,367,I,S367I,training,-0.391906247,-6.0,-0.3,275,1.24,5.4,0.0,0,0.0,functional
1153,S,367,R,S367R,training,-0.10161967,2.0,-2.2,275,0.99,5.4,0.0,0,0.0,functional
1154,S,367,T,S367T,training,-1.000107823,5.0,-1.6,275,1.1,5.2,0.0,0,0.0,functional
1155,H,368,D,H368D,validation,-0.775671532,1.0,0.2,287,0.68,5.8,0.0,0,0.0,functional
1156,H,368,L,H368L,validation,-0.649759616,-4.0,0.3,287,1.07,5.8,0.0,0,0.0,functional
1157,H,368,N,H368N,validation,-0.603796286,5.0,0.3,287,0.78,5.5,0.0,0,0.0,functional
1158,H,368,P,H368P,validation,-1.062815704,-4.0,0.2,287,0.83,5.5,0.0,0,0.0,functional
1159,H,368,Q,H368Q,validation,-0.228718002,2.0,-0.4,287,0.79,6.2,0.0,0,0.0,functional
1160,H,368,R,H368R,validation,-0.598710528,2.0,-0.1,287,0.92,5.9,0.0,0,0.0,functional
1161,H,368,Y,H368Y,validation,-0.597580524,1.0,-0.3,287,1.23,6.2,0.0,0,0.0,functional
1162,L,369,M,L369M,validation,-0.327869929,11.0,0.2,245,1.06,6.2,0.0,0,0.0,functional
1163,L,369,P,L369P,validation,-0.012862285,1.0,0.6,245,1.21,5.8,0.0,0,0.0,functional
1164,L,369,Q,L369Q,validation,-0.46260447,-10.0,1.4,245,1.07,5.9,0.0,0,0.0,functional
1165,L,369,R,L369R,validation,-0.340956489,-4.0,-0.5,245,1.05,6.1,0.0,0,0.0,functional
1166,L,369,V,L369V,validation,-0.316838849,6.0,0.1,245,1.35,6.0,0.0,0,0.0,functional
1167,K,370,E,K370E,validation,-0.229122515,6.0,1.7,214,0.78,5.8,0.0,0,0.0,functional
1168,K,370,M,K370M,validation,-0.646356548,-4.0,0.8,214,1.03,6.5,0.0,0,0.0,functional
1169,K,370,N,K370N,validation,-0.114931992,2.0,2.4,214,0.72,5.7,0.0,0,0.0,functional
1170,K,370,Q,K370Q,validation,-0.683750716,4.0,1.9,214,0.75,5.8,0.0,0,0.0,functional
1171,K,370,R,K370R,validation,-0.301903181,7.0,-3.4,214,0.84,6.3,0.0,0,0.0,functional
1172,K,370,T,K370T,validation,-0.332054934,1.0,1.4,214,1.09,5.7,0.0,0,0.0,functional
1173,S,371,A,S371A,training,-0.712437626,0.0,0.4,222,0.8,4.7,0.0,0,0.0,functional
1174,S,371,C,S371C,training,-0.606117999,-18.0,0.0,222,0.81,5.3,0.0,0,0.0,functional
1175,S,371,F,S371F,training,-0.428878379,-4.0,-0.5,222,1.28,5.6,0.0,0,0.0,functional
1176,S,371,P,S371P,training,-0.457596648,1.0,-1.8,222,0.87,5.2,0.0,0,0.0,functional
1177,S,371,T,S371T,training,-0.158812569,5.0,-1.6,222,1.1,5.2,0.0,0,0.0,functional
1178,S,371,Y,S371Y,training,-0.184597544,-1.0,-0.1,222,1.41,5.9,0.0,0,0.0,functional
1179,K,372,E,K372E,training,-0.58475716,6.0,1.7,194,0.78,5.8,0.0,0,0.0,functional
1180,K,372,I,K372I,training,-0.816377303,-7.0,0.6,194,1.11,5.9,0.0,0,0.0,functional
1181,K,372,N,K372N,training,-0.769791005,2.0,2.4,194,0.72,5.7,0.0,0,0.0,functional
1182,K,372,Q,K372Q,training,-0.53618752,4.0,1.9,194,0.75,5.8,0.0,0,0.0,functional
1183,K,372,R,K372R,training,-0.366919675,7.0,-3.4,194,0.84,6.3,0.0,0,0.0,functional
1184,K,372,T,K372T,training,-0.50880616,1.0,1.4,194,1.09,5.7,0.0,0,0.0,functional
1195,Q,375,E,Q375E,training,-0.908113568,5.0,-1.5,234,0.73,5.7,0.0,0,0.0,functional
1196,Q,375,H,Q375H,training,-0.152420223,2.0,0.4,234,0.79,6.2,0.0,0,0.0,functional
1197,Q,375,L,Q375L,training,-0.713072469,-10.0,-1.4,234,1.07,5.9,0.0,0,0.0,functional
1198,Q,375,P,Q375P,training,-1.161906421,-4.0,-0.3,234,0.83,5.4,0.0,0,0.0,functional
1199,Q,375,R,Q375R,training,0.214329151,7.0,-2.0,234,0.83,6.0,0.0,0,0.0,functional
1200,S,376,A,S376A,validation,-0.657021082,0.0,0.4,267,0.8,4.7,0.0,0,0.0,functional
1201,S,376,C,S376C,validation,-0.581726174,-18.0,0.0,267,0.81,5.3,0.0,0,0.0,functional
1202,S,376,F,S376F,validation,-0.320449195,-4.0,-0.5,267,1.28,5.6,0.0,0,0.0,functional
1203,S,376,P,S376P,validation,-0.13389802,1.0,-1.8,267,0.87,5.2,0.0,0,0.0,functional
1204,S,376,T,S376T,validation,-0.526619147,5.0,-1.6,267,1.1,5.2,0.0,0,0.0,functional
1205,S,376,Y,S376Y,validation,-0.050226572,-1.0,-0.1,267,1.41,5.9,0.0,0,0.0,functional
1206,T,377,A,T377A,training,-0.251366264,-3.0,-0.9,290,0.97,5.1,0.0,0,0.0,functional
1207,T,377,N,T377N,training,-0.062936874,2.0,1.5,290,0.99,5.5,0.0,0,0.0,functional
1208,T,377,S,T377S,training,-0.731425296,5.0,1.6,290,1.1,5.2,0.0,0,0.0,functional
1213,R,379,G,R379G,training,-0.903339038,-2.0,0.8,237,0.84,6.3,0.0,0,0.0,functional
1214,R,379,L,R379L,training,-0.317542112,-4.0,0.5,237,1.05,6.1,0.0,0,0.0,functional
1215,R,379,S,R379S,training,-0.143641773,2.0,2.2,237,0.99,5.4,0.0,0,0.0,functional
1216,H,380,D,H380D,training,-1.07246196,1.0,0.2,246,0.68,5.8,0.0,0,0.0,functional
1217,H,380,L,H380L,training,-0.477177578,-4.0,0.3,246,1.07,5.8,0.0,0,0.0,functional
1218,H,380,N,H380N,training,-0.121331518,5.0,0.3,246,0.78,5.5,0.0,0,0.0,functional
1219,H,380,P,H380P,training,-0.72168754,-4.0,0.2,246,0.83,5.5,0.0,0,0.0,functional
1220,H,380,Q,H380Q,training,-0.369824622,2.0,-0.4,246,0.79,6.2,0.0,0,0.0,functional
1221,H,380,R,H380R,training,-0.042936942,2.0,-0.1,246,0.92,5.9,0.0,0,0.0,functional
1228,K,382,E,K382E,training,-0.548631763,6.0,1.7,198,0.78,5.8,0.0,0,0.0,functional
1229,K,382,I,K382I,training,-0.345930853,-7.0,0.6,198,1.11,5.9,0.0,0,0.0,functional
1230,K,382,Q,K382Q,training,-1.01206163,4.0,1.9,198,0.75,5.8,0.0,0,0.0,functional
1231,K,382,R,K382R,training,-0.498059344,7.0,-3.4,198,0.84,6.3,0.0,0,0.0,functional
1232,K,382,T,K382T,training,-1.036248607,1.0,1.4,198,1.09,5.7,0.0,0,0.0,functional
1238,M,384,K,M384K,training,0.034757671,-4.0,-0.8,192,1.03,6.5,0.0,0,0.0,functional
1239,M,384,L,M384L,training,-0.51701068,11.0,-0.2,192,1.06,6.2,0.0,0,0.0,functional
1240,M,384,R,M384R,training,-0.85522685,-8.0,-0.1,192,1.14,6.3,0.0,0,0.0,functional
1241,M,384,T,M384T,training,-0.116590319,-3.0,0.1,192,1.11,5.9,0.0,0,0.0,functional
1242,F,385,C,F385C,training,-1.42211644,-12.0,0.0,222,1.04,5.8,0.0,0,0.0,functional
1243,F,385,I,F385I,training,-0.146325073,3.0,0.2,222,1.54,6.2,0.0,0,0.0,functional
1244,F,385,L,F385L,training,0.075002203,3.0,1.0,222,1.27,6.2,0.0,0,0.0,functional
1245,F,385,S,F385S,training,-0.453630504,-4.0,0.5,222,1.28,5.6,0.0,0,0.0,functional
1246,F,385,V,F385V,training,-0.760963995,1.0,0.3,222,1.51,6.0,0.0,0,0.0,functional
1247,F,385,Y,F385Y,training,-0.455073554,8.0,0.5,222,1.34,6.4,0.0,0,0.0,functional
1248,K,386,E,K386E,validation,-0.493940483,6.0,1.7,257,0.78,5.8,0.0,0,0.0,functional
1249,K,386,M,K386M,validation,-1.078699488,-4.0,0.8,257,1.03,6.5,0.0,0,0.0,functional
1250,K,386,N,K386N,validation,-0.379582845,2.0,2.4,257,0.72,5.7,0.0,0,0.0,functional
1251,K,386,Q,K386Q,validation,-0.850544902,4.0,1.9,257,0.75,5.8,0.0,0,0.0,functional
1252,K,386,R,K386R,validation,-0.482078974,7.0,-3.4,257,0.84,6.3,0.0,0,0.0,functional
1253,K,386,T,K386T,validation,-0.937376726,1.0,1.4,257,1.09,5.7,0.0,0,0.0,functional
1254,T,387,A,T387A,validation,-0.706313939,-3.0,-0.9,248,0.97,5.1,0.0,0,0.0,functional
1255,T,387,I,T387I,validation,-0.496549593,-3.0,-0.8,248,1.27,5.8,0.0,0,0.0,functional
1256,T,387,K,T387K,validation,-0.016425872,1.0,-1.4,248,1.09,5.7,0.0,0,0.0,functional
1257,T,387,P,T387P,validation,-1.119866359,-1.0,-0.5,248,0.93,5.5,0.0,0,0.0,functional
1258,T,387,R,T387R,validation,-0.768114131,0.0,-1.3,248,1.08,6.0,0.0,0,0.0,functional
1259,T,387,S,T387S,validation,-0.482301775,5.0,1.6,248,1.1,5.2,0.0,0,0.0,functional
1260,E,388,D,E388D,training,-0.573446764,5.0,2.7,254,0.58,5.9,0.0,0,0.0,functional
1261,E,388,G,E388G,training,0.192843236,0.0,0.0,254,0.87,5.6,0.0,0,0.0,functional
1262,E,388,K,E388K,training,0.044449447,6.0,-1.7,254,0.78,5.8,0.0,0,0.0,functional
1263,E,388,Q,E388Q,training,-0.311428247,5.0,1.5,254,0.73,5.7,0.0,0,0.0,functional
1264,E,388,V,E388V,training,-0.642261538,-6.0,-0.1,254,1.08,5.4,0.0,0,0.0,functional
1276,D,391,A,D391A,training,-0.496370922,0.0,1.0,224,0.56,5.0,0.0,0,0.0,functional
1277,D,391,E,D391E,training,-0.378101827,5.0,-2.7,224,0.58,5.9,0.0,0,0.0,functional
1278,D,391,G,D391G,training,-0.214898103,2.0,-1.0,224,0.61,4.7,0.0,0,0.0,functional
1279,D,391,H,D391H,training,-0.548857194,1.0,-0.2,224,0.68,5.8,0.0,0,0.0,functional
1280,D,391,N,D391N,training,0.216205937,5.0,1.3,224,0.69,5.2,0.0,0,0.0,functional
1281,D,391,V,D391V,training,-0.773282986,-10.0,0.1,224,0.99,5.6,0.0,0,0.0,functional
1282,D,391,Y,D391Y,training,-0.104296604,-6.0,-0.1,224,1.12,6.2,0.0,0,0.0,functional
1283,S,392,A,S392A,validation,0.134706451,0.0,0.4,224,0.8,4.7,0.0,0,0.0,functional
1284,S,392,L,S392L,validation,-0.007977469,-4.0,0.1,224,1.09,5.6,0.0,0,0.0,functional
1285,S,392,P,S392P,validation,0.018940252,1.0,-1.8,224,0.87,5.2,0.0,0,0.0,functional
1286,S,392,T,S392T,validation,-0.049316984,5.0,-1.6,224,1.1,5.2,0.0,0,0.0,functional
