wild_type,position,mutant,mutation,label
E,2,A,E2A,negative
E,2,K,E2K,negative
E,2,G,E2G,negative
E,2,D,E2D,negative
E,2,Q,E2Q,negative
E,2,V,E2V,negative
E,3,V,E3V,negative
E,3,Q,E3Q,negative
E,3,K,E3K,negative
E,3,D,E3D,negative
E,3,A,E3A,negative
P,4,S,P4S,negative
P,4,A,P4A,negative
P,4,Q,P4Q,negative
P,4,R,P4R,negative
P,4,T,P4T,negative
Q,5,P,Q5P,negative
Q,5,R,Q5R,negative
Q,5,H,Q5H,negative
Q,5,K,Q5K,negative
Q,5,L,Q5L,negative
Q,5,E,Q5E,negative
S,6,P,S6P,negative
S,6,T,S6T,negative
S,6,A,S6A,negative
D,7,Y,D7Y,negative
D,7,N,D7N,negative
D,7,H,D7H,negative
D,7,G,D7G,negative
D,7,A,D7A,negative
D,7,V,D7V,negative
P,8,A,P8A,negative
P,8,H,P8H,negative
P,8,L,P8L,negative
P,8,R,P8R,negative
P,8,S,P8S,negative
P,8,T,P8T,negative
S,9,N,S9N,negative
S,9,G,S9G,negative
S,9,C,S9C,negative
S,9,I,S9I,negative
S,9,R,S9R,negative
S,9,T,S9T,negative
V,10,L,V10L,negative
V,10,G,V10G,negative
V,10,F,V10F,negative
V,10,D,V10D,negative
V,10,A,V10A,negative
E,11,D,E11D,negative
E,11,A,E11A,negative
E,11,V,E11V,negative
E,11,G,E11G,negative
P,12,T,P12T,negative
P,12,S,P12S,negative
P,12,R,P12R,negative
P,12,H,P12H,negative
P,12,A,P12A,negative
P,13,R,P13R,negative
P,13,T,P13T,negative
P,13,A,P13A,negative
P,13,H,P13H,negative
P,13,L,P13L,negative
L,14,P,L14P,negative
L,14,Q,L14Q,negative
L,14,R,L14R,negative
L,14,M,L14M,negative
S,15,N,S15N,negative
S,15,G,S15G,negative
S,15,C,S15C,negative
S,15,T,S15T,negative
S,15,R,S15R,negative
Q,16,R,Q16R,negative
Q,16,H,Q16H,negative
Q,16,K,Q16K,negative
Q,16,P,Q16P,negative
Q,16,E,Q16E,negative
E,17,D,E17D,negative
E,17,G,E17G,negative
E,17,K,E17K,negative
E,17,Q,E17Q,negative
E,17,A,E17A,negative
E,17,V,E17V,negative
T,18,I,T18I,negative
T,18,P,T18P,negative
T,18,K,T18K,negative
T,18,S,T18S,negative
T,18,R,T18R,negative
T,18,A,T18A,negative
F,19,C,F19C,negative
F,19,I,F19I,negative
F,19,Y,F19Y,negative
F,19,V,F19V,negative
F,19,S,F19S,negative
F,19,L,F19L,negative
S,20,P,S20P,negative
S,20,A,S20A,negative
S,20,L,S20L,negative
D,21,N,D21N,negative
D,21,Y,D21Y,negative
D,21,G,D21G,negative
D,21,E,D21E,negative
D,21,A,D21A,negative
D,21,V,D21V,negative
D,21,H,D21H,negative
L,22,I,L22I,negative
L,22,P,L22P,negative
L,22,Q,L22Q,negative
L,22,V,L22V,negative
L,22,R,L22R,negative
W,23,S,W23S,negative
W,23,L,W23L,negative
W,23,R,W23R,negative
W,23,G,W23G,negative
W,23,C,W23C,negative
K,24,T,K24T,negative
K,24,Q,K24Q,negative
K,24,N,K24N,negative
K,24,I,K24I,negative
K,24,E,K24E,negative
K,24,R,K24R,negative
L,25,V,L25V,negative
L,25,R,L25R,negative
L,25,Q,L25Q,negative
L,25,P,L25P,negative
L,25,I,L25I,negative
L,26,F,L26F,negative
L,26,H,L26H,negative
L,26,I,L26I,negative
L,26,P,L26P,negative
L,26,R,L26R,negative
L,26,V,L26V,negative
P,27,A,P27A,negative
P,27,H,P27H,negative
P,27,R,P27R,negative
P,27,T,P27T,negative
E,28,V,E28V,negative
E,28,K,E28K,negative
E,28,G,E28G,negative
E,28,D,E28D,negative
E,28,Q,E28Q,negative
E,28,A,E28A,negative
N,29,D,N29D,negative
N,29,H,N29H,negative
N,29,K,N29K,negative
N,29,S,N29S,negative
N,29,T,N29T,negative
N,29,Y,N29Y,negative
N,29,I,N29I,negative
N,30,T,N30T,negative
N,30,Y,N30Y,negative
N,30,I,N30I,negative
N,30,H,N30H,negative
N,30,D,N30D,negative
N,30,K,N30K,negative
N,30,S,N30S,negative
V,31,A,V31A,negative
V,31,D,V31D,negative
V,31,F,V31F,negative
V,31,G,V31G,negative
V,31,L,V31L,negative
L,32,R,L32R,negative
L,32,P,L32P,negative
L,32,Q,L32Q,negative
L,32,V,L32V,negative
L,32,M,L32M,negative
S,33,A,S33A,negative
S,33,C,S33C,negative
S,33,P,S33P,negative
S,33,T,S33T,negative
S,33,Y,S33Y,negative
P,34,R,P34R,negative
P,34,H,P34H,negative
P,34,T,P34T,negative
P,34,A,P34A,negative
L,35,W,L35W,negative
L,35,V,L35V,negative
L,35,S,L35S,negative
L,35,M,L35M,negative
P,36,T,P36T,negative
P,36,R,P36R,negative
P,36,A,P36A,negative
P,36,Q,P36Q,negative
S,37,Y,S37Y,negative
S,37,P,S37P,negative
S,37,A,S37A,negative
S,37,C,S37C,negative
S,37,F,S37F,negative
Q,38,H,Q38H,negative
Q,38,K,Q38K,negative
Q,38,L,Q38L,negative
Q,38,P,Q38P,negative
Q,38,R,Q38R,negative
Q,38,E,Q38E,negative
A,39,E,A39E,negative
A,39,G,A39G,negative
A,39,P,A39P,negative
A,39,T,A39T,negative
M,40,T,M40T,negative
M,40,V,M40V,negative
M,40,R,M40R,negative
M,40,K,M40K,negative
M,40,L,M40L,negative
D,41,Y,D41Y,negative
D,41,H,D41H,negative
D,41,G,D41G,negative
D,41,E,D41E,negative
D,41,A,D41A,negative
D,41,V,D41V,negative
D,42,A,D42A,negative
D,42,E,D42E,negative
D,42,H,D42H,negative
D,42,V,D42V,negative
D,42,Y,D42Y,negative
D,42,G,D42G,negative
L,43,F,L43F,negative
L,43,M,L43M,negative
L,43,S,L43S,negative
L,43,V,L43V,negative
L,43,W,L43W,negative
M,44,K,M44K,negative
M,44,T,M44T,negative
M,44,R,M44R,negative
M,44,L,M44L,negative
M,44,V,M44V,negative
L,45,Q,L45Q,negative
L,45,M,L45M,negative
L,45,V,L45V,negative
L,45,R,L45R,negative
S,46,T,S46T,negative
S,46,Y,S46Y,negative
S,46,A,S46A,negative
S,46,C,S46C,negative
P,47,A,P47A,negative
P,47,Q,P47Q,negative
P,47,R,P47R,negative
P,47,T,P47T,negative
D,48,H,D48H,negative
D,48,G,D48G,negative
D,48,A,D48A,negative
D,48,Y,D48Y,negative
D,48,V,D48V,negative
D,48,E,D48E,negative
D,49,V,D49V,negative
D,49,G,D49G,negative
D,49,E,D49E,negative
D,49,A,D49A,negative
I,50,V,I50V,negative
I,50,N,I50N,negative
I,50,M,I50M,negative
I,50,L,I50L,negative
I,50,S,I50S,negative
I,50,F,I50F,negative
E,51,A,E51A,negative
E,51,V,E51V,negative
E,51,Q,E51Q,negative
E,51,G,E51G,negative
E,51,D,E51D,negative
Q,52,E,Q52E,negative
Q,52,K,Q52K,negative
Q,52,L,Q52L,negative
Q,52,P,Q52P,negative
Q,52,R,Q52R,negative
W,53,S,W53S,negative
W,53,R,W53R,negative
W,53,L,W53L,negative
F,54,I,F54I,negative
F,54,S,F54S,negative
F,54,V,F54V,negative
F,54,C,F54C,negative
T,55,N,T55N,negative
T,55,P,T55P,negative
T,55,A,T55A,negative
T,55,S,T55S,negative
E,56,V,E56V,negative
E,56,Q,E56Q,negative
E,56,G,E56G,negative
E,56,A,E56A,negative
E,56,D,E56D,negative
D,57,A,D57A,negative
D,57,E,D57E,negative
D,57,G,D57G,negative
D,57,H,D57H,negative
D,57,N,D57N,negative
D,57,V,D57V,negative
D,57,Y,D57Y,negative
P,58,Q,P58Q,negative
P,58,A,P58A,negative
P,58,S,P58S,negative
G,59,A,G59A,negative
G,59,R,G59R,negative
G,59,S,G59S,negative
G,59,V,G59V,negative
P,60,T,P60T,negative
P,60,Q,P60Q,negative
P,60,R,P60R,negative
P,60,A,P60A,negative
D,61,Y,D61Y,negative
D,61,A,D61A,negative
D,61,E,D61E,negative
D,61,H,D61H,negative
D,61,V,D61V,negative
E,62,K,E62K,negative
E,62,A,E62A,negative
E,62,D,E62D,negative
E,62,G,E62G,negative
E,62,Q,E62Q,negative
E,62,V,E62V,negative
A,63,D,A63D,negative
A,63,S,A63S,negative
A,63,T,A63T,negative
A,63,P,A63P,negative
P,64,T,P64T,negative
P,64,R,P64R,negative
P,64,A,P64A,negative
P,64,H,P64H,negative
R,65,T,R65T,negative
R,65,I,R65I,negative
R,65,K,R65K,negative
R,65,S,R65S,negative
R,65,G,R65G,negative
M,66,K,M66K,negative
M,66,L,M66L,negative
M,66,T,M66T,negative
M,66,V,M66V,negative
P,67,Q,P67Q,negative
P,67,A,P67A,negative
P,67,T,P67T,negative
P,67,R,P67R,negative
E,68,V,E68V,negative
E,68,A,E68A,negative
E,68,Q,E68Q,negative
A,69,T,A69T,negative
A,69,D,A69D,negative
A,69,P,A69P,negative
A,69,S,A69S,negative
A,70,D,A70D,negative
A,70,G,A70G,negative
A,70,P,A70P,negative
A,70,S,A70S,negative
P,71,A,P71A,negative
P,71,H,P71H,negative
P,71,R,P71R,negative
P,71,T,P71T,negative
V,73,A,V73A,negative
V,73,G,V73G,negative
V,73,E,V73E,negative
A,74,D,A74D,negative
A,74,G,A74G,negative
A,74,P,A74P,negative
A,74,S,A74S,negative
P,75,H,P75H,negative
P,75,R,P75R,negative
P,75,T,P75T,negative
P,75,A,P75A,negative
A,76,P,A76P,negative
A,76,E,A76E,negative
A,76,S,A76S,negative
P,77,T,P77T,negative
A,78,P,A78P,negative
A,78,E,A78E,negative
A,78,G,A78G,negative
A,78,T,A78T,negative
A,79,D,A79D,negative
A,79,S,A79S,negative
A,79,P,A79P,negative
A,79,G,A79G,negative
P,80,T,P80T,negative
P,80,R,P80R,negative
P,80,H,P80H,negative
P,80,A,P80A,negative
T,81,R,T81R,negative
T,81,S,T81S,negative
T,81,P,T81P,negative
T,81,K,T81K,negative
T,81,A,T81A,negative
P,82,T,P82T,negative
P,82,R,P82R,negative
P,82,A,P82A,negative
P,82,Q,P82Q,negative
A,83,E,A83E,negative
A,83,T,A83T,negative
A,83,S,A83S,negative
A,83,P,A83P,negative
A,83,G,A83G,negative
A,84,P,A84P,negative
A,84,D,A84D,negative
A,84,S,A84S,negative
P,85,A,P85A,negative
P,85,H,P85H,negative
P,85,T,P85T,negative
P,85,R,P85R,negative
A,86,E,A86E,negative
A,86,G,A86G,negative
A,86,P,A86P,negative
P,87,T,P87T,negative
P,87,S,P87S,negative
P,87,R,P87R,negative
P,87,A,P87A,negative
A,88,D,A88D,negative
A,88,P,A88P,negative
A,88,S,A88S,negative
P,89,H,P89H,negative
P,89,A,P89A,negative
P,89,T,P89T,negative
P,89,R,P89R,negative
S,90,T,S90T,negative
S,90,Y,S90Y,negative
S,90,A,S90A,negative
S,90,C,S90C,negative
W,91,S,W91S,negative
W,91,L,W91L,negative
W,91,G,W91G,negative
W,91,R,W91R,negative
P,92,T,P92T,negative
P,92,A,P92A,negative
P,92,R,P92R,negative
L,93,Q,L93Q,negative
L,93,V,L93V,negative
L,93,R,L93R,negative
L,93,P,L93P,negative
S,94,P,S94P,negative
S,94,A,S94A,negative
S,95,Y,S95Y,negative
S,95,T,S95T,negative
S,95,P,S95P,negative
S,95,C,S95C,negative
S,95,A,S95A,negative
S,96,T,S96T,negative
S,96,P,S96P,negative
S,96,A,S96A,negative
V,97,F,V97F,negative
V,97,G,V97G,negative
V,97,L,V97L,negative
V,97,D,V97D,negative
P,98,R,P98R,negative
P,98,H,P98H,negative
P,98,T,P98T,negative
S,99,A,S99A,negative
S,99,T,S99T,negative
S,99,Y,S99Y,negative
S,99,P,S99P,negative
S,99,C,S99C,negative
Q,100,H,Q100H,negative
Q,100,K,Q100K,negative
Q,100,L,Q100L,negative
Q,100,P,Q100P,negative
Q,100,R,Q100R,negative
Q,100,E,Q100E,negative
K,101,Q,K101Q,negative
K,101,N,K101N,negative
K,101,T,K101T,negative
K,101,I,K101I,negative
T,102,N,T102N,negative
T,102,P,T102P,negative
Y,103,D,Y103D,negative
Y,103,C,Y103C,negative
Y,103,N,Y103N,negative
Y,103,S,Y103S,negative
Y,103,F,Y103F,negative
Y,103,H,Y103H,negative
Q,104,P,Q104P,negative
Q,104,E,Q104E,negative
Q,104,K,Q104K,negative
Q,104,R,Q104R,negative
G,105,V,G105V,positive
G,105,D,G105D,positive
G,105,C,G105C,positive
S,106,T,S106T,negative
S,106,I,S106I,negative
S,106,G,S106G,negative
S,106,R,S106R,positive
Y,107,F,Y107F,negative
Y,107,S,Y107S,negative
Y,107,D,Y107D,positive
Y,107,N,Y107N,negative
G,108,A,G108A,negative
G,108,C,G108C,negative
F,109,C,F109C,positive
F,109,V,F109V,positive
F,109,Y,F109Y,negative
R,110,P,R110P,positive
R,110,S,R110S,negative
R,110,C,R110C,positive
R,110,L,R110L,positive
L,111,V,L111V,negative
L,111,P,L111P,positive
L,111,Q,L111Q,positive
L,111,R,L111R,positive
G,112,V,G112V,negative
G,112,A,G112A,negative
G,112,R,G112R,negative
G,112,C,G112C,negative
F,113,C,F113C,positive
F,113,V,F113V,positive
F,113,Y,F113Y,negative
L,114,W,L114W,negative
L,114,V,L114V,negative
L,114,S,L114S,negative
L,114,M,L114M,negative
L,114,F,L114F,negative
H,115,L,H115L,negative
H,115,R,H115R,negative
H,115,Q,H115Q,negative
H,115,P,H115P,negative
H,115,N,H115N,negative
H,115,D,H115D,negative
S,116,A,S116A,negative
S,116,Y,S116Y,negative
S,116,T,S116T,negative
G,117,W,G117W,negative
G,117,V,G117V,negative
G,117,A,G117A,negative
T,118,S,T118S,negative
T,118,R,T118R,negative
T,118,P,T118P,negative
T,118,K,T118K,negative
A,119,S,A119S,negative
A,119,P,A119P,negative
K,120,E,K120E,positive
K,120,T,K120T,negative
S,121,A,S121A,negative
S,121,C,S121C,negative
S,121,T,S121T,negative
S,121,Y,S121Y,negative
V,122,M,V122M,negative
V,122,G,V122G,negative
V,122,E,V122E,negative
T,123,S,T123S,negative
T,123,P,T123P,negative
T,123,N,T123N,negative
C,124,F,C124F,negative
C,124,W,C124W,negative
C,124,G,C124G,positive
T,125,P,T125P,positive
T,125,S,T125S,negative
Y,126,D,Y126D,positive
Y,126,S,Y126S,positive
Y,126,C,Y126C,positive
S,127,F,S127F,positive
S,127,P,S127P,positive
S,127,A,S127A,negative
S,127,Y,S127Y,positive
P,128,H,P128H,negative
P,128,T,P128T,negative
A,129,P,A129P,negative
A,129,S,A129S,negative
A,129,G,A129G,negative
L,130,P,L130P,positive
L,130,F,L130F,positive
L,130,V,L130V,positive
N,131,S,N131S,positive
N,131,I,N131I,positive
K,132,Q,K132Q,positive
K,132,N,K132N,positive
K,132,M,K132M,positive
K,132,R,K132R,positive
K,132,E,K132E,positive
M,133,K,M133K,positive
F,134,L,F134L,positive
F,134,C,F134C,positive
F,134,Y,F134Y,negative
F,134,V,F134V,positive
C,135,Y,C135Y,positive
C,135,W,C135W,positive
C,135,F,C135F,positive
C,135,R,C135R,positive
C,135,S,C135S,positive
Q,136,P,Q136P,positive
Q,136,E,Q136E,positive
L,137,R,L137R,negative
A,138,V,A138V,positive
A,138,G,A138G,negative
K,139,N,K139N,positive
T,140,N,T140N,negative
C,141,G,C141G,positive
C,141,Y,C141Y,positive
C,141,W,C141W,positive
C,141,R,C141R,positive
P,142,R,P142R,negative
P,142,T,P142T,negative
V,143,G,V143G,positive
V,143,M,V143M,positive
Q,144,P,Q144P,positive
Q,144,E,Q144E,negative
L,145,R,L145R,positive
L,145,Q,L145Q,positive
L,145,P,L145P,positive
V,147,L,V147L,negative
D,148,A,D148A,negative
D,148,V,D148V,negative
S,149,C,S149C,negative
S,149,A,S149A,negative
T,150,S,T150S,negative
P,151,S,P151S,positive
P,151,H,P151H,positive
P,151,A,P151A,positive
P,151,T,P151T,positive
P,151,R,P151R,positive
P,152,L,P152L,positive
P,152,S,P152S,positive
G,154,A,G154A,negative
G,154,R,G154R,negative
G,154,V,G154V,positive
T,155,N,T155N,positive
T,155,P,T155P,positive
R,156,P,R156P,positive
V,157,F,V157F,positive
V,157,G,V157G,positive
R,158,L,R158L,positive
R,158,H,R158H,positive
R,158,G,R158G,positive
R,158,C,R158C,positive
R,158,P,R158P,positive
A,159,P,A159P,positive
A,159,V,A159V,positive
A,161,T,A161T,positive
A,161,S,A161S,positive
I,162,F,I162F,positive
I,162,L,I162L,negative
Y,163,D,Y163D,positive
Y,163,H,Y163H,positive
Y,163,N,Y163N,positive
Y,163,C,Y163C,positive
K,164,E,K164E,positive
Q,167,K,Q167K,negative
H,168,P,H168P,positive
H,168,R,H168R,positive
H,168,Q,H168Q,negative
M,169,R,M169R,negative
M,169,L,M169L,negative
T,170,K,T170K,negative
E,171,V,E171V,negative
E,171,A,E171A,negative
V,172,D,V172D,positive
V,172,F,V172F,positive
V,173,L,V173L,positive
V,173,M,V173M,positive
V,173,A,V173A,positive
V,173,G,V173G,positive
R,174,W,R174W,positive
R,175,G,R175G,positive
R,175,L,R175L,positive
R,175,H,R175H,positive
C,176,R,C176R,positive
C,176,W,C176W,positive
C,176,Y,C176Y,positive
C,176,G,C176G,positive
C,176,F,C176F,positive
P,177,R,P177R,positive
P,177,A,P177A,negative
H,178,L,H178L,negative
H,178,D,H178D,positive
H,179,N,H179N,positive
H,179,R,H179R,positive
H,179,Q,H179Q,positive
H,179,L,H179L,positive
H,179,Y,H179Y,positive
H,179,D,H179D,positive
E,180,A,E180A,negative
E,180,V,E180V,negative
E,180,K,E180K,positive
R,181,C,R181C,positive
R,181,P,R181P,positive
C,182,F,C182F,negative
S,183,A,S183A,negative
S,183,T,S183T,negative
D,184,A,D184A,negative
D,184,V,D184V,negative
D,184,E,D184E,negative
S,185,C,S185C,negative
S,185,T,S185T,negative
D,186,A,D186A,negative
D,186,Y,D186Y,negative
G,187,A,G187A,negative
L,188,Q,L188Q,negative
L,188,R,L188R,negative
A,189,S,A189S,negative
P,190,L,P190L,positive
P,191,A,P191A,negative
Q,192,E,Q192E,negative
Q,192,P,Q192P,negative
H,193,Y,H193Y,positive
H,193,R,H193R,positive
H,193,P,H193P,positive
H,193,L,H193L,positive
H,193,D,H193D,positive
L,194,P,L194P,positive
L,194,R,L194R,positive
L,194,F,L194F,positive
I,195,F,I195F,positive
I,195,S,I195S,positive
I,195,V,I195V,negative
I,195,N,I195N,positive
I,195,T,I195T,positive
I,195,L,I195L,negative
R,196,P,R196P,positive
V,197,M,V197M,positive
E,198,A,E198A,negative
E,198,V,E198V,negative
G,199,V,G199V,positive
N,200,T,N200T,negative
N,200,H,N200H,negative
L,201,W,L201W,negative
L,201,M,L201M,negative
V,203,G,V203G,negative
V,203,L,V203L,positive
Y,205,C,Y205C,positive
Y,205,F,Y205F,positive
Y,205,H,Y205H,positive
Y,205,S,Y205S,positive
L,206,W,L206W,negative
L,206,V,L206V,negative
L,206,M,L206M,negative
L,206,F,L206F,negative
D,207,V,D207V,negative
D,207,A,D207A,negative
R,209,G,R209G,negative
N,210,I,N210I,negative
N,210,K,N210K,negative
T,211,I,T211I,positive
F,212,C,F212C,negative
R,213,L,R213L,positive
R,213,G,R213G,positive
R,213,Q,R213Q,positive
H,214,N,H214N,negative
H,214,R,H214R,positive
S,215,N,S215N,positive
S,215,I,S215I,positive
S,215,R,S215R,positive
S,215,G,S215G,positive
V,216,L,V216L,positive
V,216,M,V216M,positive
V,216,E,V216E,positive
V,218,G,V218G,positive
P,219,H,P219H,negative
P,219,A,P219A,negative
Y,220,S,Y220S,positive
Y,220,C,Y220C,positive
Y,220,H,Y220H,positive
Y,220,D,Y220D,positive
P,222,R,P222R,negative
P,223,T,P223T,negative
E,224,Q,E224Q,negative
E,224,D,E224D,positive
V,225,L,V225L,negative
G,226,C,G226C,negative
S,227,A,S227A,negative
S,227,Y,S227Y,negative
C,229,G,C229G,negative
C,229,W,C229W,negative
I,232,S,I232S,positive
I,232,F,I232F,positive
H,233,N,H233N,negative
Y,234,C,Y234C,positive
Y,234,H,Y234H,positive
Y,234,N,Y234N,positive
Y,234,S,Y234S,positive
N,235,H,N235H,negative
Y,236,C,Y236C,positive
M,237,I,M237I,positive
M,237,K,M237K,positive
C,238,R,C238R,positive
C,238,F,C238F,positive
N,239,D,N239D,positive
N,239,S,N239S,positive
S,240,G,S240G,positive
S,240,C,S240C,positive
S,241,C,S241C,positive
S,241,F,S241F,positive
S,241,P,S241P,positive
S,241,Y,S241Y,positive
C,242,F,C242F,positive
C,242,S,C242S,positive
C,242,G,C242G,positive
C,242,Y,C242Y,positive
G,244,C,G244C,positive
G,244,D,G244D,positive
G,244,S,G244S,positive
G,244,V,G244V,positive
G,245,C,G245C,positive
G,245,D,G245D,positive
G,245,R,G245R,positive
G,245,S,G245S,positive
G,245,V,G245V,positive
M,246,V,M246V,positive
M,246,I,M246I,positive
N,247,I,N247I,positive
N,247,H,N247H,negative
R,248,P,R248P,positive
R,248,G,R248G,positive
R,248,L,R248L,positive
R,248,W,R248W,positive
R,249,W,R249W,positive
R,249,T,R249T,positive
R,249,S,R249S,positive
R,249,M,R249M,positive
R,249,G,R249G,positive
P,250,R,P250R,negative
P,250,L,P250L,positive
I,251,F,I251F,positive
L,252,R,L252R,negative
L,252,P,L252P,positive
I,254,S,I254S,positive
I,255,N,I255N,positive
I,255,T,I255T,positive
I,255,S,I255S,positive
I,255,F,I255F,positive
I,255,L,I255L,negative
T,256,R,T256R,negative
L,257,Q,L257Q,positive
L,257,M,L257M,negative
L,257,P,L257P,positive
E,258,Q,E258Q,positive
E,258,K,E258K,positive
E,258,A,E258A,positive
D,259,Y,D259Y,positive
D,259,V,D259V,positive
S,261,I,S261I,negative
G,262,R,G262R,negative
G,262,V,G262V,positive
G,262,A,G262A,negative
G,262,C,G262C,negative
N,263,S,N263S,negative
N,263,T,N263T,negative
N,263,Y,N263Y,negative
L,264,V,L264V,negative
L,264,P,L264P,negative
L,264,Q,L264Q,negative
L,265,V,L265V,negative
L,265,R,L265R,positive
L,265,P,L265P,positive
G,266,E,G266E,positive
G,266,R,G266R,positive
G,266,V,G266V,positive
R,267,L,R267L,positive
R,267,W,R267W,positive
R,267,P,R267P,positive
R,267,Q,R267Q,positive
N,268,T,N268T,negative
N,268,K,N268K,negative
N,268,D,N268D,negative
F,270,S,F270S,positive
F,270,L,F270L,positive
F,270,C,F270C,positive
E,271,V,E271V,positive
E,271,K,E271K,positive
V,272,M,V272M,positive
V,272,G,V272G,positive
R,273,S,R273S,positive
R,273,L,R273L,positive
R,273,G,R273G,positive
R,273,H,R273H,positive
R,273,C,R273C,positive
R,273,P,R273P,positive
V,274,G,V274G,positive
V,274,F,V274F,positive
V,274,D,V274D,positive
C,275,Y,C275Y,positive
C,275,G,C275G,positive
C,275,F,C275F,positive
C,275,R,C275R,positive
C,275,W,C275W,positive
A,276,D,A276D,positive
A,276,G,A276G,positive
A,276,P,A276P,positive
C,277,F,C277F,positive
C,277,Y,C277Y,positive
P,278,L,P278L,positive
P,278,R,P278R,positive
P,278,S,P278S,positive
P,278,T,P278T,positive
P,278,H,P278H,positive
P,278,A,P278A,positive
G,279,A,G279A,negative
G,279,E,G279E,positive
R,280,G,R280G,positive
R,280,I,R280I,positive
R,280,K,R280K,positive
R,280,S,R280S,positive
R,280,T,R280T,positive
D,281,Y,D281Y,positive
D,281,V,D281V,positive
D,281,E,D281E,positive
D,281,H,D281H,positive
D,281,N,D281N,positive
R,282,Q,R282Q,positive
R,282,G,R282G,positive
R,282,W,R282W,positive
R,283,P,R283P,positive
T,284,R,T284R,negative
E,285,V,E285V,positive
E,285,K,E285K,positive
E,286,V,E286V,positive
E,286,K,E286K,positive
E,286,Q,E286Q,positive
E,286,G,E286G,positive
E,286,A,E286A,positive
E,287,A,E287A,negative
E,287,D,E287D,positive
N,288,D,N288D,negative
N,288,I,N288I,negative
N,288,K,N288K,negative
N,288,H,N288H,negative
L,289,R,L289R,negative
L,289,F,L289F,positive
R,290,C,R290C,positive
R,290,S,R290S,negative
K,292,Q,K292Q,negative
G,293,A,G293A,negative
E,294,A,E294A,negative
P,295,R,P295R,negative
P,295,T,P295T,negative
H,296,P,H296P,negative
H,297,D,H297D,negative
H,297,Q,H297Q,negative
H,297,L,H297L,negative
H,297,N,H297N,negative
E,298,A,E298A,negative
L,299,V,L299V,negative
L,299,R,L299R,negative
L,299,M,L299M,negative
P,300,R,P300R,negative
P,300,T,P300T,negative
P,301,R,P301R,negative
P,301,T,P301T,negative
G,302,W,G302W,negative
S,303,R,S303R,negative
S,303,G,S303G,negative
T,304,N,T304N,negative
T,304,P,T304P,negative
T,304,S,T304S,negative
K,305,Q,K305Q,negative
A,307,G,A307G,negative
A,307,P,A307P,negative
A,307,E,A307E,negative
L,308,R,L308R,negative
L,308,Q,L308Q,negative
L,308,P,L308P,negative
P,309,A,P309A,negative
P,309,R,P309R,negative
N,310,Y,N310Y,negative
N,310,S,N310S,negative
N,310,H,N310H,negative
N,310,D,N310D,negative
N,311,I,N311I,negative
N,311,D,N311D,negative
T,312,N,T312N,negative
T,312,P,T312P,negative
T,312,A,T312A,negative
S,313,C,S313C,negative
S,313,I,S313I,negative
S,313,G,S313G,negative
S,314,T,S314T,negative
S,314,Y,S314Y,negative
S,314,A,S314A,negative
S,314,P,S314P,negative
S,314,C,S314C,negative
S,315,T,S315T,negative
S,315,A,S315A,negative
S,315,Y,S315Y,negative
P,316,T,P316T,negative
P,316,R,P316R,negative
P,316,H,P316H,negative
Q,317,L,Q317L,negative
Q,317,E,Q317E,negative
Q,317,P,Q317P,negative
P,318,T,P318T,negative
P,318,R,P318R,negative
P,318,Q,P318Q,negative
K,319,M,K319M,negative
K,319,Q,K319Q,negative
K,319,R,K319R,negative
K,319,T,K319T,negative
K,320,T,K320T,negative
K,320,E,K320E,negative
K,320,M,K320M,negative
K,320,Q,K320Q,negative
K,320,R,K320R,negative
K,321,N,K321N,negative
K,321,I,K321I,negative
K,321,T,K321T,negative
K,321,R,K321R,negative
K,321,Q,K321Q,negative
P,322,T,P322T,negative
P,322,S,P322S,negative
P,322,A,P322A,negative
P,322,Q,P322Q,negative
L,323,Q,L323Q,negative
L,323,M,L323M,negative
L,323,R,L323R,negative
L,323,V,L323V,negative
D,324,Y,D324Y,negative
D,324,V,D324V,negative
D,324,A,D324A,negative
G,325,R,G325R,negative
E,326,V,E326V,negative
E,326,Q,E326Q,negative
E,326,G,E326G,negative
E,326,D,E326D,negative
E,326,A,E326A,negative
Y,327,F,Y327F,negative
Y,327,H,Y327H,negative
Y,327,C,Y327C,negative
Y,327,D,Y327D,negative
Y,327,N,Y327N,negative
Y,327,S,Y327S,negative
F,328,I,F328I,negative
F,328,V,F328V,negative
F,328,Y,F328Y,negative
F,328,C,F328C,negative
T,329,P,T329P,negative
T,329,A,T329A,negative
T,329,N,T329N,negative
L,330,I,L330I,negative
L,330,V,L330V,negative
Q,331,L,Q331L,negative
Q,331,K,Q331K,negative
Q,331,H,Q331H,positive
I,332,T,I332T,negative
I,332,M,I332M,negative
I,332,L,I332L,negative
R,333,G,R333G,negative
R,333,P,R333P,negative
R,333,L,R333L,negative
G,334,V,G334V,positive
R,335,G,R335G,negative
R,335,P,R335P,negative
R,335,S,R335S,negative
E,336,V,E336V,negative
E,336,Q,E336Q,negative
E,336,G,E336G,negative
E,336,D,E336D,negative
E,336,A,E336A,negative
R,337,C,R337C,positive
R,337,L,R337L,positive
F,338,V,F338V,negative
F,338,Y,F338Y,negative
F,338,C,F338C,negative
F,338,S,F338S,negative
E,339,D,E339D,negative
E,339,A,E339A,negative
E,339,V,E339V,negative
M,340,K,M340K,negative
M,340,L,M340L,negative
M,340,R,M340R,negative
F,341,I,F341I,negative
F,341,V,F341V,negative
F,341,Y,F341Y,negative
R,342,P,R342P,positive
E,343,D,E343D,negative
E,343,V,E343V,negative
E,343,Q,E343Q,negative
E,343,A,E343A,negative
L,344,V,L344V,negative
L,344,M,L344M,negative
N,345,H,N345H,negative
N,345,I,N345I,negative
N,345,K,N345K,negative
N,345,S,N345S,negative
N,345,T,N345T,negative
N,345,Y,N345Y,negative
E,346,G,E346G,negative
E,346,D,E346D,negative
E,346,V,E346V,negative
E,346,Q,E346Q,negative
E,346,A,E346A,negative
E,346,K,E346K,negative
A,347,S,A347S,negative
L,348,V,L348V,negative
L,348,M,L348M,negative
L,348,S,L348S,negative
E,349,G,E349G,negative
E,349,Q,E349Q,negative
E,349,V,E349V,negative
E,349,D,E349D,negative
E,349,A,E349A,negative
L,350,R,L350R,negative
L,350,I,L350I,negative
L,350,H,L350H,negative
L,350,V,L350V,negative
K,351,R,K351R,negative
K,351,T,K351T,negative
K,351,Q,K351Q,negative
K,351,M,K351M,negative
D,352,V,D352V,negative
D,352,G,D352G,negative
D,352,E,D352E,negative
D,352,A,D352A,negative
D,352,H,D352H,negative
A,353,G,A353G,negative
A,353,S,A353S,negative
A,353,D,A353D,negative
A,353,P,A353P,negative
A,353,V,A353V,negative
Q,354,P,Q354P,negative
Q,354,L,Q354L,negative
Q,354,H,Q354H,negative
A,355,S,A355S,negative
A,355,D,A355D,negative
A,355,T,A355T,negative
A,355,G,A355G,negative
A,355,P,A355P,negative
G,356,A,G356A,negative
G,356,E,G356E,negative
G,356,V,G356V,negative
K,357,R,K357R,negative
K,357,E,K357E,negative
K,357,Q,K357Q,negative
K,357,N,K357N,negative
K,357,M,K357M,negative
K,357,T,K357T,negative
E,358,D,E358D,negative
E,358,G,E358G,negative
E,358,Q,E358Q,negative
E,358,A,E358A,negative
P,359,T,P359T,negative
P,359,R,P359R,negative
P,359,A,P359A,negative
P,359,Q,P359Q,negative
G,360,W,G360W,negative
G,360,E,G360E,negative
G,361,W,G361W,negative
G,361,V,G361V,negative
G,361,A,G361A,negative
S,362,C,S362C,negative
S,362,I,S362I,negative
S,362,N,S362N,negative
S,362,R,S362R,negative
S,362,T,S362T,negative
R,363,M,R363M,negative
R,363,S,R363S,negative
R,363,G,R363G,negative
R,363,T,R363T,negative
R,363,W,R363W,negative
R,363,K,R363K,negative
A,364,D,A364D,negative
A,364,G,A364G,negative
A,364,S,A364S,negative
A,364,P,A364P,negative
H,365,D,H365D,negative
H,365,L,H365L,negative
H,365,N,H365N,negative
H,365,P,H365P,negative
H,365,R,H365R,negative
H,365,Q,H365Q,negative
S,366,C,S366C,negative
S,366,Y,S366Y,negative
S,366,T,S366T,negative
S,366,P,S366P,negative
S,366,F,S366F,negative
S,367,T,S367T,negative
S,367,I,S367I,negative
S,367,G,S367G,negative
S,367,C,S367C,negative
S,367,R,S367R,negative
H,368,N,H368N,negative
H,368,L,H368L,negative
H,368,P,H368P,negative
H,368,Y,H368Y,negative
H,368,Q,H368Q,negative
H,368,D,H368D,negative
H,368,R,H368R,negative
L,369,Q,L369Q,negative
L,369,V,L369V,negative
L,369,R,L369R,negative
L,369,P,L369P,negative
L,369,M,L369M,negative
K,370,N,K370N,negative
K,370,E,K370E,negative
K,370,R,K370R,negative
K,370,M,K370M,negative
K,370,Q,K370Q,negative
K,370,T,K370T,negative
S,371,Y,S371Y,negative
S,371,T,S371T,negative
S,371,P,S371P,negative
S,371,F,S371F,negative
S,371,A,S371A,negative
S,371,C,S371C,negative
K,372,I,K372I,negative
K,372,E,K372E,negative
K,372,N,K372N,negative
K,372,Q,K372Q,negative
K,372,R,K372R,negative
K,372,T,K372T,negative
K,373,T,K373T,negative
K,373,M,K373M,negative
K,373,R,K373R,negative
K,373,N,K373N,negative
K,373,Q,K373Q,negative
K,373,E,K373E,negative
G,374,S,G374S,negative
G,374,D,G374D,negative
G,374,A,G374A,negative
G,374,V,G374V,negative
Q,375,L,Q375L,negative
Q,375,E,Q375E,negative
Q,375,R,Q375R,negative
Q,375,H,Q375H,negative
Q,375,P,Q375P,negative
S,376,T,S376T,negative
S,376,A,S376A,negative
S,376,C,S376C,negative
S,376,F,S376F,negative
S,376,P,S376P,negative
S,376,Y,S376Y,negative
T,377,S,T377S,negative
T,377,N,T377N,negative
T,377,A,T377A,negative
S,378,T,S378T,negative
S,378,A,S378A,negative
S,378,C,S378C,negative
S,378,Y,S378Y,negative
R,379,L,R379L,negative
R,379,G,R379G,negative
R,379,S,R379S,negative
H,380,P,H380P,negative
H,380,R,H380R,negative
H,380,Q,H380Q,negative
H,380,N,H380N,negative
H,380,L,H380L,negative
H,380,D,H380D,negative
K,381,T,K381T,negative
K,381,R,K381R,negative
K,381,Q,K381Q,negative
K,381,N,K381N,negative
K,381,I,K381I,negative
K,381,E,K381E,negative
K,382,Q,K382Q,negative
K,382,I,K382I,negative
K,382,T,K382T,negative
K,382,R,K382R,negative
K,382,E,K382E,negative
L,383,I,L383I,negative
L,383,P,L383P,negative
L,383,R,L383R,negative
L,383,V,L383V,negative
L,383,H,L383H,negative
M,384,L,M384L,negative
M,384,R,M384R,negative
M,384,T,M384T,negative
M,384,K,M384K,negative
F,385,C,F385C,negative
F,385,I,F385I,negative
F,385,L,F385L,negative
F,385,S,F385S,negative
F,385,V,F385V,negative
F,385,Y,F385Y,negative
K,386,R,K386R,negative
K,386,T,K386T,negative
K,386,Q,K386Q,negative
K,386,N,K386N,negative
K,386,M,K386M,negative
K,386,E,K386E,negative
T,387,S,T387S,negative
T,387,A,T387A,negative
T,387,R,T387R,negative
T,387,K,T387K,negative
T,387,P,T387P,negative
T,387,I,T387I,negative
E,388,V,E388V,negative
E,388,Q,E388Q,negative
E,388,K,E388K,negative
E,388,G,E388G,negative
E,388,D,E388D,negative
G,389,R,G389R,negative
G,389,E,G389E,negative
G,389,A,G389A,negative
G,389,V,G389V,negative
G,389,W,G389W,negative
P,390,H,P390H,negative
P,390,R,P390R,negative
P,390,S,P390S,negative
P,390,T,P390T,negative
P,390,A,P390A,negative
P,390,L,P390L,negative
D,391,A,D391A,negative
D,391,V,D391V,negative
D,391,G,D391G,negative
D,391,H,D391H,negative
D,391,N,D391N,negative
D,391,Y,D391Y,negative
D,391,E,D391E,negative
S,392,T,S392T,negative
S,392,P,S392P,negative
S,392,L,S392L,negative
S,392,A,S392A,negative
D,393,A,D393A,negative
D,393,E,D393E,negative
D,393,G,D393G,negative
D,393,H,D393H,negative
D,393,N,D393N,negative
D,393,V,D393V,negative
D,393,Y,D393Y,negative
