ID,wt,pos,mt,mutation,splitting,PP:10.50,MICC010101,snap2_score,duet_ddG,Pos,mtr_v2_31,Inter-PP:1.50,FEND850101,Inter-HH:9.00,ITCarbonyl,ITMetalSulphur-PI,label
0,E,2,A,E2A,training,413,-0.002376,-78.0,0.0,0,0.706,0,4.0,0,0.0,0.0,functional
1,E,2,D,E2D,training,413,0.002194,-89.0,0.0,0,0.706,0,5.0,0,0.0,0.0,functional
2,E,2,G,E2G,training,413,-0.000113,-58.0,0.0,0,0.706,0,4.0,0,0.0,0.0,functional
3,E,2,K,E2K,training,413,-0.009604,-62.0,0.0,-1,0.706,0,4.0,0,0.0,0.0,functional
4,E,2,Q,E2Q,training,413,-0.005234,-89.0,0.0,0,0.706,0,4.0,0,0.0,0.0,functional
5,E,2,V,E2V,training,413,0.001387,-73.0,0.0,0,0.706,0,4.0,0,0.0,0.0,functional
6,E,3,A,E3A,training,481,-0.002376,-13.0,0.0,0,0.682,0,4.0,0,0.0,0.0,functional
7,E,3,D,E3D,training,481,0.002194,-81.0,0.0,0,0.682,0,5.0,0,0.0,0.0,functional
8,E,3,K,E3K,training,481,-0.009604,21.0,0.0,-1,0.682,0,4.0,0,0.0,0.0,functional
9,E,3,Q,E3Q,training,481,-0.005234,-43.0,0.0,0,0.682,0,4.0,0,0.0,0.0,functional
10,E,3,V,E3V,training,481,0.001387,-30.0,0.0,0,0.682,0,4.0,0,0.0,0.0,functional
11,P,4,A,P4A,training,549,-0.005081,-62.0,0.0,0,0.647,0,5.0,0,0.0,0.0,functional
12,P,4,Q,P4Q,training,549,0.000525,-79.0,0.0,0,0.647,0,3.0,0,0.0,0.0,functional
13,P,4,R,P4R,training,549,-6.7e-05,-40.0,0.0,-2,0.647,0,3.0,0,0.0,0.0,functional
14,P,4,S,P4S,training,549,-0.003125,-75.0,0.0,0,0.647,0,4.0,0,0.0,0.0,functional
15,P,4,T,P4T,training,549,0.005402,-69.0,0.0,0,0.647,0,4.0,0,0.0,0.0,functional
22,S,6,A,S6A,training,541,-0.001515,-38.0,0.0,0,0.625,0,5.0,0,0.0,0.0,functional
23,S,6,P,S6P,training,541,-0.003125,-22.0,0.0,0,0.625,0,4.0,0,0.0,0.0,functional
24,S,6,T,S6T,training,541,-0.002393,-51.0,0.0,0,0.625,0,5.0,0,0.0,0.0,functional
25,D,7,A,D7A,training,469,-0.001348,2.0,0.0,0,0.611,0,4.0,0,0.0,0.0,functional
26,D,7,G,D7G,training,469,0.001528,41.0,0.0,0,0.611,0,4.0,0,0.0,0.0,functional
27,D,7,H,D7H,training,469,-0.002501,49.0,0.0,-2,0.611,0,3.0,0,0.0,0.0,functional
28,D,7,N,D7N,training,469,0.007855,26.0,0.0,0,0.611,0,5.0,0,0.0,0.0,functional
29,D,7,V,D7V,training,469,9.2e-05,29.0,0.0,0,0.611,0,3.0,0,0.0,0.0,functional
30,D,7,Y,D7Y,training,469,0.000182,54.0,0.0,0,0.611,0,2.0,0,0.0,0.0,functional
31,P,8,A,P8A,training,409,-0.005081,-62.0,0.0,0,0.604,0,5.0,0,0.0,0.0,functional
32,P,8,H,P8H,training,409,-0.002032,-45.0,0.0,-2,0.604,0,3.0,0,0.0,0.0,functional
33,P,8,L,P8L,training,409,-0.005026,-69.0,0.0,0,0.604,0,3.0,0,0.0,0.0,functional
34,P,8,R,P8R,training,409,-6.7e-05,-50.0,0.0,-2,0.604,0,3.0,0,0.0,0.0,functional
35,P,8,S,P8S,training,409,-0.003125,-66.0,0.0,0,0.604,0,4.0,0,0.0,0.0,functional
36,P,8,T,P8T,training,409,0.005402,-66.0,0.0,0,0.604,0,4.0,0,0.0,0.0,functional
43,V,10,A,V10A,training,412,0.003642,-29.0,0.0,0,0.608,0,5.0,0,0.0,0.0,functional
44,V,10,D,V10D,training,412,9.2e-05,31.0,0.0,0,0.608,0,3.0,0,0.0,0.0,functional
45,V,10,F,V10F,training,412,8e-06,-42.0,0.0,0,0.608,0,4.0,0,0.0,0.0,functional
46,V,10,G,V10G,training,412,0.001995,22.0,0.0,0,0.608,0,4.0,0,0.0,0.0,functional
47,V,10,L,V10L,training,412,-0.00194,-85.0,0.0,0,0.608,0,5.0,0,0.0,0.0,functional
48,E,11,A,E11A,training,364,-0.002376,-3.0,0.0,0,0.611,0,4.0,0,0.0,0.0,functional
49,E,11,D,E11D,training,364,0.002194,-14.0,0.0,0,0.611,0,5.0,0,0.0,0.0,functional
50,E,11,G,E11G,training,364,-0.000113,24.0,0.0,0,0.611,0,4.0,0,0.0,0.0,functional
51,E,11,V,E11V,training,364,0.001387,0.0,0.0,0,0.611,0,4.0,0,0.0,0.0,functional
52,P,12,A,P12A,validation,398,-0.005081,-13.0,0.0,0,0.639,0,5.0,0,0.0,0.0,functional
53,P,12,H,P12H,validation,398,-0.002032,36.0,0.0,-2,0.639,0,3.0,0,0.0,0.0,functional
54,P,12,R,P12R,validation,398,-6.7e-05,34.0,0.0,-2,0.639,0,3.0,0,0.0,0.0,functional
55,P,12,S,P12S,validation,398,-0.003125,-7.0,0.0,0,0.639,0,4.0,0,0.0,0.0,functional
56,P,12,T,P12T,validation,398,0.005402,-14.0,0.0,0,0.639,0,4.0,0,0.0,0.0,functional
57,P,13,A,P13A,training,412,-0.005081,6.0,0.0,0,0.635,0,5.0,0,0.0,0.0,functional
58,P,13,H,P13H,training,412,-0.002032,41.0,0.0,-2,0.635,0,3.0,0,0.0,0.0,functional
59,P,13,L,P13L,training,412,-0.005026,6.0,0.0,0,0.635,0,3.0,0,0.0,0.0,functional
60,P,13,R,P13R,training,412,-6.7e-05,35.0,0.0,-2,0.635,0,3.0,0,0.0,0.0,functional
61,P,13,T,P13T,training,412,0.005402,25.0,0.0,0,0.635,0,4.0,0,0.0,0.0,functional
62,L,14,M,L14M,training,498,-0.002531,-59.0,0.0,0,0.675,0,5.0,0,0.0,0.0,functional
63,L,14,P,L14P,training,498,-0.005026,44.0,0.0,0,0.675,0,3.0,0,0.0,0.0,functional
64,L,14,Q,L14Q,training,498,-0.004168,33.0,0.0,0,0.675,0,2.0,0,0.0,0.0,functional
65,L,14,R,L14R,training,498,-0.001302,51.0,0.0,-2,0.675,0,2.0,0,0.0,0.0,functional
66,S,15,C,S15C,validation,677,0.001837,17.0,0.0,0,0.65,0,4.0,0,0.0,0.0,functional
67,S,15,G,S15G,validation,677,-0.003528,28.0,0.0,0,0.65,0,5.0,0,0.0,0.0,functional
68,S,15,N,S15N,validation,677,0.006249,25.0,0.0,0,0.65,0,5.0,0,0.0,0.0,functional
69,S,15,R,S15R,validation,677,-0.00118,51.0,0.0,-2,0.65,0,3.0,0,0.0,0.0,functional
70,S,15,T,S15T,validation,677,-0.002393,19.0,0.0,0,0.65,0,5.0,0,0.0,0.0,functional
71,Q,16,E,Q16E,training,870,-0.005234,12.0,0.0,0,0.673,0,4.0,0,0.0,0.0,functional
72,Q,16,H,Q16H,training,870,0.005803,-37.0,0.0,-2,0.673,0,4.0,0,0.0,0.0,functional
73,Q,16,K,Q16K,training,870,0.002349,35.0,0.0,-1,0.673,0,4.0,0,0.0,0.0,functional
74,Q,16,P,Q16P,training,870,0.000525,39.0,0.0,0,0.673,0,3.0,0,0.0,0.0,functional
75,Q,16,R,Q16R,training,870,-0.00121,40.0,0.0,-2,0.673,0,3.0,0,0.0,0.0,functional
76,E,17,A,E17A,training,712,-0.002376,-5.0,0.0,0,0.679,0,4.0,0,0.0,0.0,functional
77,E,17,D,E17D,training,712,0.002194,-6.0,0.0,0,0.679,0,5.0,0,0.0,0.0,functional
78,E,17,G,E17G,training,712,-0.000113,10.0,0.0,0,0.679,0,4.0,0,0.0,0.0,functional
79,E,17,K,E17K,training,712,-0.009604,40.0,0.0,-1,0.679,0,4.0,0,0.0,0.0,functional
80,E,17,Q,E17Q,training,712,-0.005234,-11.0,0.0,0,0.679,0,4.0,0,0.0,0.0,functional
81,E,17,V,E17V,training,712,0.001387,17.0,0.0,0,0.679,0,4.0,0,0.0,0.0,functional
82,T,18,A,T18A,validation,894,-0.000218,28.0,0.0,0,0.686,0,5.0,0,0.0,0.0,functional
83,T,18,I,T18I,validation,894,-0.004179,57.0,0.0,0,0.686,0,3.0,0,0.0,0.0,functional
84,T,18,K,T18K,validation,894,-0.005895,64.0,0.0,-1,0.686,0,4.0,0,0.0,0.0,functional
85,T,18,P,T18P,validation,894,0.005402,59.0,0.0,0,0.686,0,4.0,0,0.0,0.0,functional
86,T,18,R,T18R,validation,894,0.003967,74.0,0.0,-2,0.686,0,3.0,0,0.0,0.0,functional
87,T,18,S,T18S,validation,894,-0.002393,-49.0,0.0,0,0.686,0,5.0,0,0.0,0.0,functional
88,F,19,C,F19C,validation,802,-0.013925,67.0,0.0,0,0.691,0,3.0,0,0.0,0.0,functional
89,F,19,I,F19I,validation,802,-0.009792,75.0,0.0,0,0.691,0,4.0,0,0.0,0.0,functional
90,F,19,L,F19L,validation,802,-0.002127,77.0,0.0,0,0.691,0,4.0,0,0.0,0.0,functional
91,F,19,S,F19S,validation,802,-0.001223,80.0,0.0,0,0.691,0,3.0,0,0.0,0.0,functional
92,F,19,V,F19V,validation,802,8e-06,78.0,0.0,0,0.691,0,4.0,0,0.0,0.0,functional
93,F,19,Y,F19Y,validation,802,-0.003256,65.0,0.0,0,0.691,0,5.0,0,0.0,0.0,functional
94,S,20,A,S20A,training,844,-0.001515,-70.0,0.0,0,0.71,0,5.0,0,0.0,0.0,functional
95,S,20,L,S20L,training,844,0.001004,-33.0,0.0,0,0.71,0,2.0,0,0.0,0.0,functional
96,S,20,P,S20P,training,844,-0.003125,-44.0,0.0,0,0.71,0,4.0,0,0.0,0.0,functional
97,D,21,A,D21A,training,655,-0.001348,4.0,0.0,0,0.695,0,4.0,0,0.0,0.0,functional
98,D,21,E,D21E,training,655,0.002194,-42.0,0.0,0,0.695,0,5.0,0,0.0,0.0,functional
99,D,21,G,D21G,training,655,0.001528,19.0,0.0,0,0.695,0,4.0,0,0.0,0.0,functional
100,D,21,H,D21H,training,655,-0.002501,36.0,0.0,-2,0.695,0,3.0,0,0.0,0.0,functional
101,D,21,N,D21N,training,655,0.007855,5.0,0.0,0,0.695,0,5.0,0,0.0,0.0,functional
102,D,21,V,D21V,training,655,9.2e-05,44.0,0.0,0,0.695,0,3.0,0,0.0,0.0,functional
103,D,21,Y,D21Y,training,655,0.000182,14.0,0.0,0,0.695,0,2.0,0,0.0,0.0,functional
104,L,22,I,L22I,training,702,-0.000782,-60.0,0.0,0,0.717,0,5.0,0,0.0,0.0,functional
105,L,22,P,L22P,training,702,-0.005026,57.0,0.0,0,0.717,0,3.0,0,0.0,0.0,functional
106,L,22,Q,L22Q,training,702,-0.004168,44.0,0.0,0,0.717,0,2.0,0,0.0,0.0,functional
107,L,22,R,L22R,training,702,-0.001302,55.0,0.0,-2,0.717,0,2.0,0,0.0,0.0,functional
108,L,22,V,L22V,training,702,-0.00194,-10.0,0.0,0,0.717,0,5.0,0,0.0,0.0,functional
109,W,23,C,W23C,validation,433,-0.035239,58.0,0.0,0,0.697,0,3.0,0,0.0,0.0,functional
110,W,23,G,W23G,validation,433,-0.012366,75.0,0.0,0,0.697,0,3.0,0,0.0,0.0,functional
111,W,23,L,W23L,validation,433,0.010659,63.0,0.0,0,0.697,0,4.0,0,0.0,0.0,functional
112,W,23,R,W23R,validation,433,-0.014845,78.0,0.0,-2,0.697,0,2.0,0,0.0,0.0,functional
113,W,23,S,W23S,validation,433,-0.00233,75.0,0.0,0,0.697,0,2.0,0,0.0,0.0,functional
114,K,24,E,K24E,training,369,-0.009604,-41.0,0.0,1,0.697,0,4.0,0,0.0,0.0,functional
115,K,24,I,K24I,training,369,0.000855,-27.0,0.0,1,0.697,0,2.0,0,0.0,0.0,functional
116,K,24,N,K24N,training,369,0.006158,-64.0,0.0,1,0.697,0,4.0,0,0.0,0.0,functional
117,K,24,Q,K24Q,training,369,0.002349,-56.0,0.0,1,0.697,0,4.0,0,0.0,0.0,functional
118,K,24,R,K24R,training,369,0.007273,-61.0,0.0,-1,0.697,0,5.0,0,0.0,0.0,functional
119,K,24,T,K24T,training,369,-0.005895,-43.0,0.0,1,0.697,0,4.0,0,0.0,0.0,functional
120,L,25,I,L25I,training,327,-0.000782,-21.0,0.0,0,0.695,0,5.0,0,0.0,0.0,functional
121,L,25,P,L25P,training,327,-0.005026,27.0,0.0,0,0.695,0,3.0,0,0.0,0.0,functional
122,L,25,Q,L25Q,training,327,-0.004168,5.0,0.0,0,0.695,0,2.0,0,0.0,0.0,functional
123,L,25,R,L25R,training,327,-0.001302,26.0,0.0,-2,0.695,0,2.0,0,0.0,0.0,functional
124,L,25,V,L25V,training,327,-0.00194,-18.0,0.0,0,0.695,0,5.0,0,0.0,0.0,functional
135,E,28,A,E28A,training,449,-0.002376,-52.0,0.0,0,0.631,0,4.0,0,0.0,0.0,functional
136,E,28,D,E28D,training,449,0.002194,-35.0,0.0,0,0.631,0,5.0,0,0.0,0.0,functional
137,E,28,G,E28G,training,449,-0.000113,-19.0,0.0,0,0.631,0,4.0,0,0.0,0.0,functional
138,E,28,K,E28K,training,449,-0.009604,-26.0,0.0,-1,0.631,0,4.0,0,0.0,0.0,functional
139,E,28,Q,E28Q,training,449,-0.005234,-72.0,0.0,0,0.631,0,4.0,0,0.0,0.0,functional
140,E,28,V,E28V,training,449,0.001387,-42.0,0.0,0,0.631,0,4.0,0,0.0,0.0,functional
141,N,29,D,N29D,training,464,0.007855,-38.0,0.0,0,0.591,0,5.0,0,0.0,0.0,functional
142,N,29,H,N29H,training,464,0.008099,-27.0,0.0,-2,0.591,0,4.0,0,0.0,0.0,functional
143,N,29,I,N29I,training,464,0.002317,-23.0,0.0,0,0.591,0,2.0,0,0.0,0.0,functional
144,N,29,K,N29K,training,464,0.006158,-47.0,0.0,-1,0.591,0,4.0,0,0.0,0.0,functional
145,N,29,S,N29S,training,464,0.006249,-53.0,0.0,0,0.591,0,5.0,0,0.0,0.0,functional
146,N,29,T,N29T,training,464,-0.005914,-60.0,0.0,0,0.591,0,4.0,0,0.0,0.0,functional
147,N,29,Y,N29Y,training,464,-0.006968,17.0,0.0,0,0.591,0,3.0,0,0.0,0.0,functional
148,N,30,D,N30D,training,462,0.007855,-15.0,0.0,0,0.65,0,5.0,0,0.0,0.0,functional
149,N,30,H,N30H,training,462,0.008099,-13.0,0.0,-2,0.65,0,4.0,0,0.0,0.0,functional
150,N,30,I,N30I,training,462,0.002317,3.0,0.0,0,0.65,0,2.0,0,0.0,0.0,functional
151,N,30,K,N30K,training,462,0.006158,-25.0,0.0,-1,0.65,0,4.0,0,0.0,0.0,functional
152,N,30,S,N30S,training,462,0.006249,-27.0,0.0,0,0.65,0,5.0,0,0.0,0.0,functional
153,N,30,T,N30T,training,462,-0.005914,-39.0,0.0,0,0.65,0,4.0,0,0.0,0.0,functional
154,N,30,Y,N30Y,training,462,-0.006968,31.0,0.0,0,0.65,0,3.0,0,0.0,0.0,functional
155,V,31,A,V31A,training,441,0.003642,0.0,0.0,0,0.691,0,5.0,0,0.0,0.0,functional
156,V,31,D,V31D,training,441,9.2e-05,25.0,0.0,0,0.691,0,3.0,0,0.0,0.0,functional
157,V,31,F,V31F,training,441,8e-06,-31.0,0.0,0,0.691,0,4.0,0,0.0,0.0,functional
158,V,31,G,V31G,training,441,0.001995,21.0,0.0,0,0.691,0,4.0,0,0.0,0.0,functional
159,V,31,L,V31L,training,441,-0.00194,-33.0,0.0,0,0.691,0,5.0,0,0.0,0.0,functional
160,L,32,M,L32M,training,344,-0.002531,-26.0,0.0,0,0.691,0,5.0,0,0.0,0.0,functional
161,L,32,P,L32P,training,344,-0.005026,52.0,0.0,0,0.691,0,3.0,0,0.0,0.0,functional
162,L,32,Q,L32Q,training,344,-0.004168,29.0,0.0,0,0.691,0,2.0,0,0.0,0.0,functional
163,L,32,R,L32R,training,344,-0.001302,55.0,0.0,-2,0.691,0,2.0,0,0.0,0.0,functional
164,L,32,V,L32V,training,344,-0.00194,1.0,0.0,0,0.691,0,5.0,0,0.0,0.0,functional
170,P,34,A,P34A,validation,319,-0.005081,-47.0,0.0,0,0.728,0,5.0,0,0.0,0.0,functional
171,P,34,H,P34H,validation,319,-0.002032,-36.0,0.0,-2,0.728,0,3.0,0,0.0,0.0,functional
172,P,34,R,P34R,validation,319,-6.7e-05,-28.0,0.0,-2,0.728,0,3.0,0,0.0,0.0,functional
173,P,34,T,P34T,validation,319,0.005402,-59.0,0.0,0,0.728,0,4.0,0,0.0,0.0,functional
174,L,35,M,L35M,training,336,-0.002531,-40.0,0.0,0,0.76,0,5.0,0,0.0,0.0,functional
175,L,35,S,L35S,training,336,0.001004,-32.0,0.0,0,0.76,0,2.0,0,0.0,0.0,functional
176,L,35,V,L35V,training,336,-0.00194,-43.0,0.0,0,0.76,0,5.0,0,0.0,0.0,functional
177,L,35,W,L35W,training,336,0.010659,-24.0,0.0,0,0.76,0,4.0,0,0.0,0.0,functional
178,P,36,A,P36A,training,362,-0.005081,-26.0,0.0,0,0.782,0,5.0,0,0.0,0.0,functional
179,P,36,Q,P36Q,training,362,0.000525,-44.0,0.0,0,0.782,0,3.0,0,0.0,0.0,functional
180,P,36,R,P36R,training,362,-6.7e-05,0.0,0.0,-2,0.782,0,3.0,0,0.0,0.0,functional
181,P,36,T,P36T,training,362,0.005402,-27.0,0.0,0,0.782,0,4.0,0,0.0,0.0,functional
182,S,37,A,S37A,training,366,-0.001515,-27.0,0.0,0,0.815,0,5.0,0,0.0,0.0,functional
183,S,37,C,S37C,training,366,0.001837,-28.0,0.0,0,0.815,0,4.0,0,0.0,0.0,functional
184,S,37,F,S37F,training,366,-0.001223,10.0,0.0,0,0.815,0,3.0,0,0.0,0.0,functional
185,S,37,P,S37P,training,366,-0.003125,-8.0,0.0,0,0.815,0,4.0,0,0.0,0.0,functional
186,S,37,Y,S37Y,training,366,-0.001895,31.0,0.0,0,0.815,0,3.0,0,0.0,0.0,functional
187,Q,38,E,Q38E,training,444,-0.005234,-45.0,0.0,0,0.836,0,4.0,0,0.0,0.0,functional
188,Q,38,H,Q38H,training,444,0.005803,-19.0,0.0,-2,0.836,0,4.0,0,0.0,0.0,functional
189,Q,38,K,Q38K,training,444,0.002349,-40.0,0.0,-1,0.836,0,4.0,0,0.0,0.0,functional
190,Q,38,L,Q38L,training,444,-0.004168,-34.0,0.0,0,0.836,0,2.0,0,0.0,0.0,functional
191,Q,38,P,Q38P,training,444,0.000525,-30.0,0.0,0,0.836,0,3.0,0,0.0,0.0,functional
192,Q,38,R,Q38R,training,444,-0.00121,-31.0,0.0,-2,0.836,0,3.0,0,0.0,0.0,functional
193,A,39,E,A39E,training,466,-0.002376,-19.0,0.0,0,0.839,0,4.0,0,0.0,0.0,functional
194,A,39,G,A39G,training,466,-0.003111,-24.0,0.0,0,0.839,0,5.0,0,0.0,0.0,functional
195,A,39,P,A39P,training,466,-0.005081,-23.0,0.0,0,0.839,0,5.0,0,0.0,0.0,functional
196,A,39,T,A39T,training,466,-0.000218,-58.0,0.0,0,0.839,0,5.0,0,0.0,0.0,functional
197,M,40,K,M40K,training,472,-0.004667,20.0,0.0,-1,0.846,0,2.0,0,0.0,0.0,functional
198,M,40,L,M40L,training,472,-0.002531,-31.0,0.0,0,0.846,0,5.0,0,0.0,0.0,functional
199,M,40,R,M40R,training,472,-0.004676,11.0,0.0,-2,0.846,0,2.0,0,0.0,0.0,functional
200,M,40,T,M40T,training,472,-0.00219,-7.0,0.0,0,0.846,0,3.0,0,0.0,0.0,functional
201,M,40,V,M40V,training,472,-0.005331,-29.0,0.0,0,0.846,0,4.0,0,0.0,0.0,functional
202,D,41,A,D41A,training,475,-0.001348,-31.0,0.0,0,0.8,0,4.0,0,0.0,0.0,functional
203,D,41,E,D41E,training,475,0.002194,-56.0,0.0,0,0.8,0,5.0,0,0.0,0.0,functional
204,D,41,G,D41G,training,475,0.001528,-15.0,0.0,0,0.8,0,4.0,0,0.0,0.0,functional
205,D,41,H,D41H,training,475,-0.002501,-18.0,0.0,-2,0.8,0,3.0,0,0.0,0.0,functional
206,D,41,V,D41V,training,475,9.2e-05,-15.0,0.0,0,0.8,0,3.0,0,0.0,0.0,functional
207,D,41,Y,D41Y,training,475,0.000182,2.0,0.0,0,0.8,0,2.0,0,0.0,0.0,functional
214,L,43,F,L43F,training,467,-0.002127,-43.0,0.0,0,0.811,0,4.0,0,0.0,0.0,functional
215,L,43,M,L43M,training,467,-0.002531,-48.0,0.0,0,0.811,0,5.0,0,0.0,0.0,functional
216,L,43,S,L43S,training,467,0.001004,-11.0,0.0,0,0.811,0,2.0,0,0.0,0.0,functional
217,L,43,V,L43V,training,467,-0.00194,-35.0,0.0,0,0.811,0,5.0,0,0.0,0.0,functional
218,L,43,W,L43W,training,467,0.010659,0.0,0.0,0,0.811,0,4.0,0,0.0,0.0,functional
228,S,46,A,S46A,validation,494,-0.001515,-46.0,0.0,0,0.844,0,5.0,0,0.0,0.0,functional
229,S,46,C,S46C,validation,494,0.001837,-57.0,0.0,0,0.844,0,4.0,0,0.0,0.0,functional
230,S,46,T,S46T,validation,494,-0.002393,-51.0,0.0,0,0.844,0,5.0,0,0.0,0.0,functional
231,S,46,Y,S46Y,validation,494,-0.001895,16.0,0.0,0,0.844,0,3.0,0,0.0,0.0,functional
236,D,48,A,D48A,training,550,-0.001348,-43.0,0.0,0,0.849,0,4.0,0,0.0,0.0,functional
237,D,48,E,D48E,training,550,0.002194,-72.0,0.0,0,0.849,0,5.0,0,0.0,0.0,functional
238,D,48,G,D48G,training,550,0.001528,-32.0,0.0,0,0.849,0,4.0,0,0.0,0.0,functional
239,D,48,H,D48H,training,550,-0.002501,-22.0,0.0,-2,0.849,0,3.0,0,0.0,0.0,functional
240,D,48,V,D48V,training,550,9.2e-05,-39.0,0.0,0,0.849,0,3.0,0,0.0,0.0,functional
241,D,48,Y,D48Y,training,550,0.000182,18.0,0.0,0,0.849,0,2.0,0,0.0,0.0,functional
242,D,49,A,D49A,validation,514,-0.001348,-19.0,0.0,0,0.864,0,4.0,0,0.0,0.0,functional
243,D,49,E,D49E,validation,514,0.002194,-34.0,0.0,0,0.864,0,5.0,0,0.0,0.0,functional
244,D,49,G,D49G,validation,514,0.001528,-3.0,0.0,0,0.864,0,4.0,0,0.0,0.0,functional
245,D,49,V,D49V,validation,514,9.2e-05,-14.0,0.0,0,0.864,0,3.0,0,0.0,0.0,functional
246,I,50,F,I50F,training,514,-0.009792,-57.0,0.0,0,0.878,0,4.0,0,0.0,0.0,functional
247,I,50,L,I50L,training,514,-0.000782,-80.0,0.0,0,0.878,0,5.0,0,0.0,0.0,functional
248,I,50,M,I50M,training,514,-0.009283,-53.0,0.0,0,0.878,0,4.0,0,0.0,0.0,functional
249,I,50,N,I50N,training,514,0.002317,-7.0,0.0,0,0.878,0,2.0,0,0.0,0.0,functional
250,I,50,S,I50S,training,514,0.001538,-24.0,0.0,0,0.878,0,2.0,0,0.0,0.0,functional
251,I,50,V,I50V,training,514,0.002618,-78.0,0.0,0,0.878,0,5.0,0,0.0,0.0,functional
257,Q,52,E,Q52E,training,441,-0.005234,-52.0,0.0,0,0.874,0,4.0,0,0.0,0.0,functional
258,Q,52,K,Q52K,training,441,0.002349,-30.0,0.0,-1,0.874,0,4.0,0,0.0,0.0,functional
259,Q,52,L,Q52L,training,441,-0.004168,-28.0,0.0,0,0.874,0,2.0,0,0.0,0.0,functional
260,Q,52,P,Q52P,training,441,0.000525,-4.0,0.0,0,0.874,0,3.0,0,0.0,0.0,functional
261,Q,52,R,Q52R,training,441,-0.00121,-10.0,0.0,-2,0.874,0,3.0,0,0.0,0.0,functional
262,W,53,L,W53L,validation,454,0.010659,17.0,0.0,0,0.83,0,4.0,0,0.0,0.0,functional
263,W,53,R,W53R,validation,454,-0.014845,42.0,0.0,-2,0.83,0,2.0,0,0.0,0.0,functional
264,W,53,S,W53S,validation,454,-0.00233,42.0,0.0,0,0.83,0,2.0,0,0.0,0.0,functional
265,F,54,C,F54C,validation,523,-0.013925,11.0,0.0,0,0.821,0,3.0,0,0.0,0.0,functional
266,F,54,I,F54I,validation,523,-0.009792,-16.0,0.0,0,0.821,0,4.0,0,0.0,0.0,functional
267,F,54,S,F54S,validation,523,-0.001223,-38.0,0.0,0,0.821,0,3.0,0,0.0,0.0,functional
268,F,54,V,F54V,validation,523,8e-06,-12.0,0.0,0,0.821,0,4.0,0,0.0,0.0,functional
269,T,55,A,T55A,training,447,-0.000218,-68.0,0.0,0,0.821,0,5.0,0,0.0,0.0,functional
270,T,55,N,T55N,training,447,-0.005914,-81.0,0.0,0,0.821,0,4.0,0,0.0,0.0,functional
271,T,55,P,T55P,training,447,0.005402,-68.0,0.0,0,0.821,0,4.0,0,0.0,0.0,functional
272,T,55,S,T55S,training,447,-0.002393,-85.0,0.0,0,0.821,0,5.0,0,0.0,0.0,functional
273,E,56,A,E56A,training,474,-0.002376,-2.0,0.0,0,0.833,0,4.0,1,0.0,0.0,functional
274,E,56,D,E56D,training,474,0.002194,26.0,0.0,0,0.833,0,5.0,1,0.0,0.0,functional
275,E,56,G,E56G,training,474,-0.000113,25.0,0.0,0,0.833,0,4.0,1,0.0,0.0,functional
276,E,56,Q,E56Q,training,474,-0.005234,-30.0,0.0,0,0.833,0,4.0,1,0.0,0.0,functional
277,E,56,V,E56V,training,474,0.001387,0.0,0.0,0,0.833,0,4.0,1,0.0,0.0,functional
278,D,57,A,D57A,training,442,-0.001348,-24.0,0.0,0,0.912,0,4.0,1,0.0,0.0,functional
279,D,57,E,D57E,training,442,0.002194,-48.0,0.0,0,0.912,0,5.0,1,0.0,0.0,functional
280,D,57,G,D57G,training,442,0.001528,-13.0,0.0,0,0.912,0,4.0,1,0.0,0.0,functional
281,D,57,H,D57H,training,442,-0.002501,16.0,0.0,-2,0.912,0,3.0,1,0.0,0.0,functional
282,D,57,N,D57N,training,442,0.007855,-24.0,0.0,0,0.912,0,5.0,1,0.0,0.0,functional
283,D,57,V,D57V,training,442,9.2e-05,-7.0,0.0,0,0.912,0,3.0,1,0.0,0.0,functional
284,D,57,Y,D57Y,training,442,0.000182,30.0,0.0,0,0.912,0,2.0,1,0.0,0.0,functional
285,P,58,A,P58A,validation,472,-0.005081,-21.0,0.0,0,0.921,0,5.0,1,0.0,0.0,functional
286,P,58,Q,P58Q,validation,472,0.000525,-16.0,0.0,0,0.921,0,3.0,1,0.0,0.0,functional
287,P,58,S,P58S,validation,472,-0.003125,-16.0,0.0,0,0.921,0,4.0,1,0.0,0.0,functional
292,P,60,A,P60A,training,416,-0.005081,-19.0,0.0,0,0.921,0,5.0,0,0.0,0.0,functional
293,P,60,Q,P60Q,training,416,0.000525,-47.0,0.0,0,0.921,0,3.0,0,0.0,0.0,functional
294,P,60,R,P60R,training,416,-6.7e-05,-8.0,0.0,-2,0.921,0,3.0,0,0.0,0.0,functional
295,P,60,T,P60T,training,416,0.005402,-22.0,0.0,0,0.921,0,4.0,0,0.0,0.0,functional
301,E,62,A,E62A,validation,383,-0.002376,-18.0,0.0,0,0.95,0,4.0,0,0.0,0.0,functional
302,E,62,D,E62D,validation,383,0.002194,-15.0,0.0,0,0.95,0,5.0,0,0.0,0.0,functional
303,E,62,G,E62G,validation,383,-0.000113,5.0,0.0,0,0.95,0,4.0,0,0.0,0.0,functional
304,E,62,K,E62K,validation,383,-0.009604,-3.0,0.0,-1,0.95,0,4.0,0,0.0,0.0,functional
305,E,62,Q,E62Q,validation,383,-0.005234,-42.0,0.0,0,0.95,0,4.0,0,0.0,0.0,functional
306,E,62,V,E62V,validation,383,0.001387,-24.0,0.0,0,0.95,0,4.0,0,0.0,0.0,functional
307,A,63,D,A63D,training,458,-0.001348,-41.0,0.0,0,0.967,0,4.0,0,0.0,0.0,functional
308,A,63,P,A63P,training,458,-0.005081,-26.0,0.0,0,0.967,0,5.0,0,0.0,0.0,functional
309,A,63,S,A63S,training,458,-0.001515,-57.0,0.0,0,0.967,0,5.0,0,0.0,0.0,functional
310,A,63,T,A63T,training,458,-0.000218,-44.0,0.0,0,0.967,0,5.0,0,0.0,0.0,functional
311,P,64,A,P64A,validation,477,-0.005081,-41.0,0.0,0,1.006,0,5.0,0,0.0,0.0,functional
312,P,64,H,P64H,validation,477,-0.002032,-47.0,0.0,-2,1.006,0,3.0,0,0.0,0.0,functional
313,P,64,R,P64R,validation,477,-6.7e-05,-18.0,0.0,-2,1.006,0,3.0,0,0.0,0.0,functional
314,P,64,T,P64T,validation,477,0.005402,-56.0,0.0,0,1.006,0,4.0,0,0.0,0.0,functional
315,R,65,G,R65G,validation,338,0.002466,-23.0,0.0,2,1.018,0,3.0,0,0.0,0.0,functional
316,R,65,I,R65I,validation,338,0.001034,-36.0,0.0,2,1.018,0,2.0,0,0.0,0.0,functional
317,R,65,K,R65K,validation,338,0.007273,-66.0,0.0,1,1.018,0,5.0,0,0.0,0.0,functional
318,R,65,S,R65S,validation,338,-0.00118,-46.0,0.0,2,1.018,0,3.0,0,0.0,0.0,functional
319,R,65,T,R65T,validation,338,0.003967,-55.0,0.0,2,1.018,0,3.0,0,0.0,0.0,functional
320,M,66,K,M66K,training,457,-0.004667,7.0,0.0,-1,1.023,0,2.0,0,0.0,0.0,functional
321,M,66,L,M66L,training,457,-0.002531,-58.0,0.0,0,1.023,0,5.0,0,0.0,0.0,functional
322,M,66,T,M66T,training,457,-0.00219,-27.0,0.0,0,1.023,0,3.0,0,0.0,0.0,functional
323,M,66,V,M66V,training,457,-0.005331,-48.0,0.0,0,1.023,0,4.0,0,0.0,0.0,functional
328,E,68,A,E68A,training,392,-0.002376,-73.0,0.0,0,1.009,0,4.0,0,0.0,0.0,functional
329,E,68,Q,E68Q,training,392,-0.005234,-77.0,0.0,0,1.009,0,4.0,0,0.0,0.0,functional
330,E,68,V,E68V,training,392,0.001387,-56.0,0.0,0,1.009,0,4.0,0,0.0,0.0,functional
331,A,69,D,A69D,training,371,-0.001348,6.0,0.0,0,1.003,0,4.0,0,0.0,0.0,functional
332,A,69,P,A69P,training,371,-0.005081,-27.0,0.0,0,1.003,0,5.0,0,0.0,0.0,functional
333,A,69,S,A69S,training,371,-0.001515,-55.0,0.0,0,1.003,0,5.0,0,0.0,0.0,functional
334,A,69,T,A69T,training,371,-0.000218,-49.0,0.0,0,1.003,0,5.0,0,0.0,0.0,functional
335,A,70,D,A70D,validation,346,-0.001348,-48.0,0.0,0,0.986,0,4.0,0,0.0,0.0,functional
336,A,70,G,A70G,validation,346,-0.003111,-63.0,0.0,0,0.986,0,5.0,0,0.0,0.0,functional
337,A,70,P,A70P,validation,346,-0.005081,-65.0,0.0,0,0.986,0,5.0,0,0.0,0.0,functional
338,A,70,S,A70S,validation,346,-0.001515,-79.0,0.0,0,0.986,0,5.0,0,0.0,0.0,functional
339,P,71,A,P71A,validation,356,-0.005081,-46.0,0.0,0,0.935,0,5.0,0,0.0,0.0,functional
340,P,71,H,P71H,validation,356,-0.002032,-3.0,0.0,-2,0.935,0,3.0,0,0.0,0.0,functional
341,P,71,R,P71R,validation,356,-6.7e-05,-10.0,0.0,-2,0.935,0,3.0,0,0.0,0.0,functional
342,P,71,T,P71T,validation,356,0.005402,-47.0,0.0,0,0.935,0,4.0,0,0.0,0.0,functional
343,V,73,A,V73A,validation,290,0.003642,-36.0,0.0,0,0.941,0,5.0,0,0.0,0.0,functional
344,V,73,E,V73E,validation,290,0.001387,-49.0,0.0,0,0.941,0,4.0,0,0.0,0.0,functional
345,V,73,G,V73G,validation,290,0.001995,-31.0,0.0,0,0.941,0,4.0,0,0.0,0.0,functional
346,A,74,D,A74D,training,319,-0.001348,-40.0,0.0,0,0.941,0,4.0,0,0.0,0.0,functional
347,A,74,G,A74G,training,319,-0.003111,-67.0,0.0,0,0.941,0,5.0,0,0.0,0.0,functional
348,A,74,P,A74P,training,319,-0.005081,-56.0,0.0,0,0.941,0,5.0,0,0.0,0.0,functional
349,A,74,S,A74S,training,319,-0.001515,-71.0,0.0,0,0.941,0,5.0,0,0.0,0.0,functional
350,P,75,A,P75A,training,318,-0.005081,-29.0,0.0,0,0.903,0,5.0,0,0.0,0.0,functional
351,P,75,H,P75H,training,318,-0.002032,6.0,0.0,-2,0.903,0,3.0,0,0.0,0.0,functional
352,P,75,R,P75R,training,318,-6.7e-05,12.0,0.0,-2,0.903,0,3.0,0,0.0,0.0,functional
353,P,75,T,P75T,training,318,0.005402,-38.0,0.0,0,0.903,0,4.0,0,0.0,0.0,functional
354,A,76,E,A76E,training,331,-0.002376,-11.0,0.0,0,0.916,0,4.0,0,0.0,0.0,functional
355,A,76,P,A76P,training,331,-0.005081,-5.0,0.0,0,0.916,0,5.0,0,0.0,0.0,functional
356,A,76,S,A76S,training,331,-0.001515,-65.0,0.0,0,0.916,0,5.0,0,0.0,0.0,functional
357,P,77,T,P77T,training,317,0.005402,-27.0,0.0,0,0.912,0,4.0,0,0.0,0.0,functional
358,A,78,E,A78E,validation,365,-0.002376,-70.0,0.0,0,0.925,0,4.0,0,0.0,0.0,functional
359,A,78,G,A78G,validation,365,-0.003111,-52.0,0.0,0,0.925,0,5.0,0,0.0,0.0,functional
360,A,78,P,A78P,validation,365,-0.005081,-34.0,0.0,0,0.925,0,5.0,0,0.0,0.0,functional
361,A,78,T,A78T,validation,365,-0.000218,-75.0,0.0,0,0.925,0,5.0,0,0.0,0.0,functional
366,P,80,A,P80A,validation,380,-0.005081,-6.0,0.0,0,0.854,0,5.0,0,0.0,0.0,functional
367,P,80,H,P80H,validation,380,-0.002032,6.0,0.0,-2,0.854,0,3.0,0,0.0,0.0,functional
368,P,80,R,P80R,validation,380,-6.7e-05,41.0,0.0,-2,0.854,0,3.0,0,0.0,0.0,functional
369,P,80,T,P80T,validation,380,0.005402,-22.0,0.0,0,0.854,0,4.0,0,0.0,0.0,functional
370,T,81,A,T81A,training,386,-0.000218,-68.0,0.0,0,0.857,0,5.0,0,0.0,0.0,functional
371,T,81,K,T81K,training,386,-0.005895,-37.0,0.0,-1,0.857,0,4.0,0,0.0,0.0,functional
372,T,81,P,T81P,training,386,0.005402,-57.0,0.0,0,0.857,0,4.0,0,0.0,0.0,functional
373,T,81,R,T81R,training,386,0.003967,-15.0,0.0,-2,0.857,0,3.0,0,0.0,0.0,functional
374,T,81,S,T81S,training,386,-0.002393,-60.0,0.0,0,0.857,0,5.0,0,0.0,0.0,functional
375,P,82,A,P82A,training,387,-0.005081,-35.0,0.0,0,0.864,0,5.0,0,0.0,0.0,functional
376,P,82,Q,P82Q,training,387,0.000525,-34.0,0.0,0,0.864,0,3.0,0,0.0,0.0,functional
377,P,82,R,P82R,training,387,-6.7e-05,0.0,0.0,-2,0.864,0,3.0,0,0.0,0.0,functional
378,P,82,T,P82T,training,387,0.005402,-30.0,0.0,0,0.864,0,4.0,0,0.0,0.0,functional
379,A,83,E,A83E,training,380,-0.002376,-38.0,0.0,0,0.881,0,4.0,8,0.0,0.0,functional
380,A,83,G,A83G,training,380,-0.003111,-42.0,0.0,0,0.881,0,5.0,8,0.0,0.0,functional
381,A,83,P,A83P,training,380,-0.005081,-23.0,0.0,0,0.881,0,5.0,8,0.0,0.0,functional
382,A,83,S,A83S,training,380,-0.001515,-61.0,0.0,0,0.881,0,5.0,8,0.0,0.0,functional
383,A,83,T,A83T,training,380,-0.000218,-65.0,0.0,0,0.881,0,5.0,8,0.0,0.0,functional
384,A,84,D,A84D,training,678,-0.001348,0.0,0.0,0,0.889,0,4.0,14,0.0,0.0,functional
385,A,84,P,A84P,training,678,-0.005081,-14.0,0.0,0,0.889,0,5.0,14,0.0,0.0,functional
386,A,84,S,A84S,training,678,-0.001515,-59.0,0.0,0,0.889,0,5.0,14,0.0,0.0,functional
387,P,85,A,P85A,training,1003,-0.005081,-12.0,0.0,0,0.889,0,5.0,19,0.0,0.0,functional
388,P,85,H,P85H,training,1003,-0.002032,14.0,0.0,-2,0.889,0,3.0,19,0.0,0.0,functional
389,P,85,R,P85R,training,1003,-6.7e-05,29.0,0.0,-2,0.889,0,3.0,19,0.0,0.0,functional
390,P,85,T,P85T,training,1003,0.005402,-6.0,0.0,0,0.889,0,4.0,19,0.0,0.0,functional
391,A,86,E,A86E,training,671,-0.002376,-12.0,0.0,0,0.881,0,4.0,17,0.0,0.0,functional
392,A,86,G,A86G,training,671,-0.003111,-33.0,0.0,0,0.881,0,5.0,17,0.0,0.0,functional
393,A,86,P,A86P,training,671,-0.005081,-24.0,0.0,0,0.881,0,5.0,17,0.0,0.0,functional
394,P,87,A,P87A,validation,1244,-0.005081,-29.0,0.0,0,0.881,0,5.0,19,0.0,0.0,functional
395,P,87,R,P87R,validation,1244,-6.7e-05,2.0,0.0,-2,0.881,0,3.0,19,0.0,0.0,functional
396,P,87,S,P87S,validation,1244,-0.003125,-35.0,0.0,0,0.881,0,4.0,19,0.0,0.0,functional
397,P,87,T,P87T,validation,1244,0.005402,-23.0,0.0,0,0.881,0,4.0,19,0.0,0.0,functional
401,P,89,A,P89A,validation,688,-0.005081,-52.0,0.0,0,0.747,0,5.0,13,0.0,0.0,functional
402,P,89,H,P89H,validation,688,-0.002032,-52.0,0.0,-2,0.747,0,3.0,13,0.0,0.0,functional
403,P,89,R,P89R,validation,688,-6.7e-05,-36.0,0.0,-2,0.747,0,3.0,13,0.0,0.0,functional
404,P,89,T,P89T,validation,688,0.005402,-73.0,0.0,0,0.747,0,4.0,13,0.0,0.0,functional
409,W,91,G,W91G,training,3398,-0.012366,52.0,-1.005,0,0.714,0,3.0,19,0.0,0.0,functional
410,W,91,L,W91L,training,3398,0.010659,20.0,-0.413,0,0.714,0,4.0,19,0.0,0.0,functional
411,W,91,R,W91R,training,3398,-0.014845,29.0,-0.139,-2,0.714,0,2.0,19,0.0,0.0,functional
412,W,91,S,W91S,training,3398,-0.00233,20.0,-0.874,0,0.714,0,2.0,19,0.0,0.0,functional
413,P,92,A,P92A,training,3540,-0.005081,3.0,-0.704,0,0.683,0,5.0,0,0.0,0.0,functional
414,P,92,R,P92R,training,3540,-6.7e-05,53.0,0.068,-2,0.683,0,3.0,0,0.0,0.0,functional
415,P,92,T,P92T,training,3540,0.005402,-9.0,-0.696,0,0.683,0,4.0,0,0.0,0.0,functional
416,L,93,P,L93P,validation,3570,-0.005026,23.0,-0.144,0,0.733,0,3.0,0,0.0,0.0,functional
417,L,93,Q,L93Q,validation,3570,-0.004168,16.0,-0.128,0,0.733,0,2.0,0,0.0,0.0,functional
418,L,93,R,L93R,validation,3570,-0.001302,30.0,0.315,-2,0.733,0,2.0,0,0.0,0.0,functional
419,L,93,V,L93V,validation,3570,-0.00194,-14.0,-0.117,0,0.733,0,5.0,0,0.0,0.0,functional
420,S,94,A,S94A,training,4774,-0.001515,-35.0,-0.334,0,0.728,0,5.0,0,0.0,0.0,functional
421,S,94,P,S94P,training,4774,-0.003125,-19.0,-0.512,0,0.728,0,4.0,0,0.0,0.0,functional
422,S,95,A,S95A,training,2857,-0.001515,-22.0,0.173,0,0.748,0,5.0,0,0.0,0.0,functional
423,S,95,C,S95C,training,2857,0.001837,-26.0,0.143,0,0.748,0,4.0,0,0.0,0.0,functional
424,S,95,P,S95P,training,2857,-0.003125,-7.0,0.0,0,0.748,0,4.0,0,0.0,0.0,functional
425,S,95,T,S95T,training,2857,-0.002393,-34.0,0.374,0,0.748,0,5.0,0,0.0,0.0,functional
426,S,95,Y,S95Y,training,2857,-0.001895,26.0,-0.535,0,0.748,0,3.0,0,0.0,0.0,functional
427,S,96,A,S96A,training,3679,-0.001515,-41.0,0.023,0,0.728,0,5.0,0,0.0,0.0,functional
428,S,96,P,S96P,training,3679,-0.003125,-1.0,-0.393,0,0.728,0,4.0,0,0.0,0.0,functional
429,S,96,T,S96T,training,3679,-0.002393,-80.0,0.28,0,0.728,0,5.0,0,0.0,0.0,functional
430,V,97,D,V97D,validation,4397,9.2e-05,75.0,0.335,0,0.769,0,3.0,0,0.0,0.0,functional
431,V,97,F,V97F,validation,4397,8e-06,28.0,-0.724,0,0.769,0,4.0,0,0.0,0.0,functional
432,V,97,G,V97G,validation,4397,0.001995,73.0,-0.498,0,0.769,0,4.0,0,0.0,0.0,functional
433,V,97,L,V97L,validation,4397,-0.00194,51.0,-0.039,0,0.769,0,5.0,0,0.0,0.0,functional
434,P,98,H,P98H,validation,6259,-0.002032,65.0,-0.363,-2,0.744,0,3.0,0,0.0,0.0,functional
435,P,98,R,P98R,validation,6259,-6.7e-05,67.0,-0.243,-2,0.744,0,3.0,0,0.0,0.0,functional
436,P,98,T,P98T,validation,6259,0.005402,60.0,-0.696,0,0.744,0,4.0,0,0.0,0.0,functional
437,S,99,A,S99A,training,4109,-0.001515,-22.0,0.211,0,0.767,0,5.0,0,0.0,0.0,functional
438,S,99,C,S99C,training,4109,0.001837,-38.0,-0.159,0,0.767,0,4.0,0,0.0,0.0,functional
439,S,99,P,S99P,training,4109,-0.003125,15.0,0.303,0,0.767,0,4.0,0,0.0,0.0,functional
440,S,99,T,S99T,training,4109,-0.002393,-37.0,0.179,0,0.767,0,5.0,0,0.0,0.0,functional
441,S,99,Y,S99Y,training,4109,-0.001895,26.0,-0.488,0,0.767,0,3.0,0,0.0,0.0,functional
442,Q,100,E,Q100E,training,4812,-0.005234,27.0,0.781,0,0.786,0,4.0,0,0.0,0.0,functional
443,Q,100,H,Q100H,training,4812,0.005803,-7.0,0.076,-2,0.786,0,4.0,0,0.0,0.0,functional
444,Q,100,K,Q100K,training,4812,0.002349,35.0,0.581,-1,0.786,0,4.0,0,0.0,0.0,functional
445,Q,100,L,Q100L,training,4812,-0.004168,0.0,0.768,0,0.786,0,2.0,0,0.0,0.0,functional
446,Q,100,P,Q100P,training,4812,0.000525,-10.0,0.107,0,0.786,0,3.0,0,0.0,0.0,functional
447,Q,100,R,Q100R,training,4812,-0.00121,31.0,0.576,-2,0.786,0,3.0,0,0.0,0.0,functional
448,K,101,I,K101I,training,2687,0.000855,14.0,0.761,1,0.836,0,2.0,0,0.0,0.0,functional
449,K,101,N,K101N,training,2687,0.006158,-3.0,0.221,1,0.836,0,4.0,0,0.0,0.0,functional
450,K,101,Q,K101Q,training,2687,0.002349,-4.0,0.081,1,0.836,0,4.0,0,0.0,0.0,functional
451,K,101,T,K101T,training,2687,-0.005895,-21.0,0.085,1,0.836,0,4.0,0,0.0,0.0,functional
452,T,102,N,T102N,validation,4136,-0.005914,-46.0,-0.114,0,0.934,0,4.0,0,1.0,0.0,functional
453,T,102,P,T102P,validation,4136,0.005402,24.0,-0.095,0,0.934,0,4.0,0,1.0,0.0,functional
454,Y,103,C,Y103C,validation,4130,0.002585,74.0,-0.246,0,0.902,0,3.0,0,1.0,0.0,functional
455,Y,103,D,Y103D,validation,4130,0.000182,90.0,0.133,0,0.902,0,2.0,0,1.0,0.0,functional
456,Y,103,F,Y103F,validation,4130,-0.003256,40.0,-0.451,0,0.902,0,5.0,0,1.0,0.0,functional
457,Y,103,H,Y103H,validation,4130,0.007276,74.0,-0.207,-2,0.902,0,3.0,0,1.0,0.0,functional
458,Y,103,N,Y103N,validation,4130,-0.006968,88.0,-0.723,0,0.902,0,3.0,0,1.0,0.0,functional
459,Y,103,S,Y103S,validation,4130,-0.001895,88.0,-1.353,0,0.902,0,3.0,0,1.0,0.0,functional
460,Q,104,E,Q104E,training,4117,-0.005234,-61.0,0.343,0,0.934,0,4.0,0,0.0,0.0,functional
461,Q,104,K,Q104K,training,4117,0.002349,-54.0,0.286,-1,0.934,0,4.0,0,0.0,0.0,functional
462,Q,104,P,Q104P,training,4117,0.000525,-74.0,-0.052,0,0.934,0,3.0,0,0.0,0.0,functional
463,Q,104,R,Q104R,training,4117,-0.00121,-57.0,0.254,-2,0.934,0,3.0,0,0.0,0.0,functional
464,G,105,C,G105C,training,4105,0.001847,60.0,-0.867,0,0.909,0,3.0,0,0.0,0.0,nonfunctional
465,G,105,D,G105D,training,4105,0.001528,83.0,0.201,0,0.909,0,4.0,0,0.0,0.0,nonfunctional
466,G,105,V,G105V,training,4105,0.001995,74.0,-0.084,0,0.909,0,4.0,0,0.0,0.0,nonfunctional
467,S,106,G,S106G,training,3012,-0.003528,-78.0,0.397,0,0.944,0,5.0,0,0.0,0.0,functional
468,S,106,I,S106I,training,3012,0.001538,-60.0,0.51,0,0.944,0,2.0,0,0.0,0.0,functional
469,S,106,R,S106R,training,3012,-0.00118,-72.0,0.498,-2,0.944,0,3.0,0,0.0,0.0,nonfunctional
470,S,106,T,S106T,training,3012,-0.002393,-93.0,0.308,0,0.944,0,5.0,0,0.0,0.0,functional
471,Y,107,D,Y107D,training,4370,0.000182,75.0,0.001,0,0.921,0,2.0,0,1.0,0.0,nonfunctional
472,Y,107,F,Y107F,training,4370,-0.003256,-14.0,-0.392,0,0.921,0,5.0,0,1.0,0.0,functional
473,Y,107,N,Y107N,training,4370,-0.006968,74.0,-1.617,0,0.921,0,3.0,0,1.0,0.0,functional
474,Y,107,S,Y107S,training,4370,-0.001895,52.0,-2.384,0,0.921,0,3.0,0,1.0,0.0,functional
475,G,108,A,G108A,training,4101,-0.003111,31.0,-0.837,0,0.903,0,5.0,0,0.0,0.0,functional
476,G,108,C,G108C,training,4101,0.001847,8.0,-1.319,0,0.903,0,3.0,0,0.0,0.0,functional
480,R,110,C,R110C,training,4371,-0.006062,-8.0,-1.141,2,0.922,0,2.0,0,0.0,0.0,nonfunctional
481,R,110,L,R110L,training,4371,-0.001302,-9.0,-0.061,2,0.922,0,2.0,0,0.0,0.0,nonfunctional
482,R,110,P,R110P,training,4371,-6.7e-05,50.0,-0.92,2,0.922,0,3.0,0,0.0,0.0,nonfunctional
483,R,110,S,R110S,training,4371,-0.00118,-6.0,-1.892,2,0.922,0,3.0,0,0.0,0.0,functional
484,L,111,P,L111P,validation,6478,-0.005026,74.0,-1.397,0,0.93,0,3.0,0,1.0,0.0,nonfunctional
485,L,111,Q,L111Q,validation,6478,-0.004168,53.0,-2.122,0,0.93,0,2.0,0,1.0,0.0,nonfunctional
486,L,111,R,L111R,validation,6478,-0.001302,69.0,-1.718,-2,0.93,0,2.0,0,1.0,0.0,nonfunctional
487,L,111,V,L111V,validation,6478,-0.00194,-42.0,-1.064,0,0.93,0,5.0,0,1.0,0.0,functional
492,F,113,C,F113C,validation,5941,-0.013925,-13.0,-1.592,0,0.963,0,3.0,0,0.0,0.0,nonfunctional
493,F,113,V,F113V,validation,5941,8e-06,22.0,-1.533,0,0.963,0,4.0,0,0.0,0.0,nonfunctional
494,F,113,Y,F113Y,validation,5941,-0.003256,31.0,-0.299,0,0.963,0,5.0,0,0.0,0.0,functional
495,L,114,F,L114F,training,4195,-0.002127,-37.0,-0.695,0,0.915,0,4.0,51,0.0,0.0,functional
496,L,114,M,L114M,training,4195,-0.002531,-61.0,-0.34,0,0.915,0,5.0,51,0.0,0.0,functional
497,L,114,S,L114S,training,4195,0.001004,-35.0,-0.529,0,0.915,0,2.0,51,0.0,0.0,functional
498,L,114,V,L114V,training,4195,-0.00194,-58.0,-0.171,0,0.915,0,5.0,51,0.0,0.0,functional
499,L,114,W,L114W,training,4195,0.010659,-9.0,-0.698,0,0.915,0,4.0,51,0.0,0.0,functional
500,H,115,D,H115D,training,2261,-0.002501,5.0,-0.096,2,0.915,0,3.0,0,0.0,0.0,functional
501,H,115,L,H115L,training,2261,-0.004529,24.0,0.702,2,0.915,0,3.0,0,0.0,0.0,functional
502,H,115,N,H115N,training,2261,0.008099,-37.0,0.001,2,0.915,0,4.0,0,0.0,0.0,functional
503,H,115,P,H115P,training,2261,-0.002032,-10.0,0.314,2,0.915,0,3.0,0,0.0,0.0,functional
504,H,115,Q,H115Q,training,2261,0.005803,-84.0,0.029,2,0.915,0,4.0,0,0.0,0.0,functional
505,H,115,R,H115R,training,2261,0.009985,-33.0,-0.044,0,0.915,0,4.0,0,0.0,0.0,functional
506,S,116,A,S116A,training,5137,-0.001515,-4.0,0.013,0,0.929,0,5.0,18,0.0,0.0,functional
507,S,116,T,S116T,training,5137,-0.002393,-46.0,0.08,0,0.929,0,5.0,18,0.0,0.0,functional
508,S,116,Y,S116Y,training,5137,-0.001895,34.0,-0.429,0,0.929,0,3.0,18,0.0,0.0,functional
509,G,117,A,G117A,training,4807,-0.003111,36.0,-0.331,0,0.943,0,5.0,0,0.0,0.0,functional
510,G,117,V,G117V,training,4807,0.001995,53.0,-0.344,0,0.943,0,4.0,0,0.0,0.0,functional
511,G,117,W,G117W,training,4807,-0.012366,68.0,-1.527,0,0.943,0,3.0,0,0.0,0.0,functional
512,T,118,K,T118K,training,5446,-0.005895,53.0,-0.251,-1,0.954,1,4.0,0,0.0,0.0,functional
513,T,118,P,T118P,training,5446,0.005402,42.0,-0.489,0,0.954,1,4.0,0,0.0,0.0,functional
514,T,118,R,T118R,training,5446,0.003967,56.0,0.048,-2,0.954,1,3.0,0,0.0,0.0,functional
515,T,118,S,T118S,training,5446,-0.002393,3.0,-0.509,0,0.954,1,5.0,0,0.0,0.0,functional
516,A,119,P,A119P,training,5073,-0.005081,51.0,-0.067,0,0.963,1,5.0,0,0.0,0.0,functional
517,A,119,S,A119S,training,5073,-0.001515,26.0,-0.317,0,0.963,1,5.0,0,0.0,0.0,functional
518,K,120,E,K120E,training,5456,-0.009604,86.0,0.171,1,0.973,1,4.0,0,0.0,0.0,nonfunctional
519,K,120,T,K120T,training,5456,-0.005895,79.0,0.085,1,0.973,1,4.0,0,0.0,0.0,functional
520,S,121,A,S121A,training,5234,-0.001515,4.0,0.207,0,0.937,1,5.0,23,0.0,0.0,functional
521,S,121,C,S121C,training,5234,0.001837,-14.0,-0.269,0,0.937,1,4.0,23,0.0,0.0,functional
522,S,121,T,S121T,training,5234,-0.002393,13.0,0.01,0,0.937,1,5.0,23,0.0,0.0,functional
523,S,121,Y,S121Y,training,5234,-0.001895,46.0,-0.572,0,0.937,1,3.0,23,0.0,0.0,functional
524,V,122,E,V122E,training,7049,0.001387,68.0,-1.333,0,0.925,0,4.0,22,0.0,0.0,functional
525,V,122,G,V122G,training,7049,0.001995,68.0,-1.311,0,0.925,0,4.0,22,0.0,0.0,functional
526,V,122,M,V122M,training,7049,-0.005331,42.0,-0.793,0,0.925,0,4.0,22,0.0,0.0,functional
527,T,123,N,T123N,training,6919,-0.005914,9.0,-0.478,0,0.92,0,4.0,35,1.0,0.0,functional
528,T,123,P,T123P,training,6919,0.005402,28.0,-0.478,0,0.92,0,4.0,35,1.0,0.0,functional
529,T,123,S,T123S,training,6919,-0.002393,7.0,-0.95,0,0.92,0,5.0,35,1.0,0.0,functional
530,C,124,F,C124F,validation,8983,-0.013925,41.0,-0.914,0,0.858,0,3.0,24,0.0,0.0,functional
531,C,124,G,C124G,validation,8983,0.001847,69.0,-1.271,0,0.858,0,3.0,24,0.0,0.0,nonfunctional
532,C,124,W,C124W,validation,8983,-0.035239,34.0,-1.244,0,0.858,0,3.0,24,0.0,0.0,functional
533,T,125,P,T125P,training,9586,0.005402,69.0,-1.05,0,0.84,0,4.0,10,0.0,0.0,nonfunctional
534,T,125,S,T125S,training,9586,-0.002393,32.0,-1.534,0,0.84,0,5.0,10,0.0,0.0,functional
535,Y,126,C,Y126C,validation,5939,0.002585,60.0,-1.049,0,0.827,0,3.0,0,0.0,0.0,nonfunctional
536,Y,126,D,Y126D,validation,5939,0.000182,85.0,-2.335,0,0.827,0,2.0,0,0.0,0.0,nonfunctional
537,Y,126,S,Y126S,validation,5939,-0.001895,78.0,-2.449,0,0.827,0,3.0,0,0.0,0.0,nonfunctional
538,S,127,A,S127A,training,6179,-0.001515,30.0,0.212,0,0.868,0,5.0,0,0.0,0.0,functional
539,S,127,F,S127F,training,6179,-0.001223,72.0,-0.233,0,0.868,0,3.0,0,0.0,0.0,nonfunctional
540,S,127,P,S127P,training,6179,-0.003125,83.0,0.143,0,0.868,0,4.0,0,0.0,0.0,nonfunctional
541,S,127,Y,S127Y,training,6179,-0.001895,66.0,-0.081,0,0.868,0,3.0,0,0.0,0.0,nonfunctional
542,P,128,H,P128H,training,3259,-0.002032,-9.0,-0.191,-2,0.852,0,3.0,0,0.0,0.0,functional
543,P,128,T,P128T,training,3259,0.005402,-40.0,-0.337,0,0.852,0,4.0,0,0.0,0.0,functional
544,A,129,G,A129G,training,3112,-0.003111,-94.0,-0.163,0,0.853,0,5.0,0,0.0,0.0,functional
545,A,129,P,A129P,training,3112,-0.005081,-84.0,-0.24,0,0.853,0,5.0,0,0.0,0.0,functional
546,A,129,S,A129S,training,3112,-0.001515,-96.0,-0.511,0,0.853,0,5.0,0,0.0,0.0,functional
547,L,130,F,L130F,validation,4619,-0.002127,62.0,-1.259,0,0.824,0,4.0,0,0.0,0.0,nonfunctional
548,L,130,P,L130P,validation,4619,-0.005026,87.0,-1.454,0,0.824,0,3.0,0,0.0,0.0,nonfunctional
549,L,130,V,L130V,validation,4619,-0.00194,28.0,-1.08,0,0.824,0,5.0,0,0.0,0.0,nonfunctional
550,N,131,I,N131I,training,4280,0.002317,26.0,0.355,0,0.822,0,2.0,0,0.0,0.0,nonfunctional
551,N,131,S,N131S,training,4280,0.006249,6.0,-0.934,0,0.822,0,5.0,0,0.0,0.0,nonfunctional
557,M,133,K,M133K,validation,9508,-0.004667,73.0,-0.009,-1,0.74,0,2.0,0,0.0,2.0,nonfunctional
558,F,134,C,F134C,validation,10230,-0.013925,65.0,-3.138,0,0.771,0,3.0,0,0.0,0.0,nonfunctional
559,F,134,L,F134L,validation,10230,-0.002127,74.0,-3.497,0,0.771,0,4.0,0,0.0,0.0,nonfunctional
560,F,134,V,F134V,validation,10230,8e-06,74.0,-3.73,0,0.771,0,4.0,0,0.0,0.0,nonfunctional
561,F,134,Y,F134Y,validation,10230,-0.003256,11.0,-1.759,0,0.771,0,5.0,0,0.0,0.0,functional
562,C,135,F,C135F,training,9410,-0.013925,72.0,-1.062,0,0.74,0,3.0,21,2.0,0.0,nonfunctional
563,C,135,R,C135R,training,9410,-0.006062,75.0,-1.363,-2,0.74,0,2.0,21,2.0,0.0,nonfunctional
564,C,135,S,C135S,training,9410,0.001837,45.0,-1.953,0,0.74,0,4.0,21,2.0,0.0,nonfunctional
565,C,135,W,C135W,training,9410,-0.035239,82.0,-1.434,0,0.74,0,3.0,21,2.0,0.0,nonfunctional
566,C,135,Y,C135Y,training,9410,0.002585,73.0,-1.313,0,0.74,0,3.0,21,2.0,0.0,nonfunctional
567,Q,136,E,Q136E,training,7207,-0.005234,40.0,-0.993,0,0.747,0,4.0,22,0.0,0.0,nonfunctional
568,Q,136,P,Q136P,training,7207,0.000525,69.0,0.683,0,0.747,0,3.0,22,0.0,0.0,nonfunctional
569,L,137,R,L137R,training,6342,-0.001302,57.0,-0.569,-2,0.762,0,2.0,28,0.0,0.0,functional
570,A,138,G,A138G,validation,6045,-0.003111,-24.0,0.034,0,0.762,0,5.0,38,0.0,0.0,functional
571,A,138,V,A138V,validation,6045,0.003642,58.0,-0.192,0,0.762,0,5.0,38,0.0,0.0,nonfunctional
572,K,139,N,K139N,training,5819,0.006158,76.0,-0.045,1,0.774,0,4.0,59,0.0,0.0,nonfunctional
573,T,140,N,T140N,training,6088,-0.005914,24.0,-0.519,0,0.774,0,4.0,115,0.0,0.0,functional
574,C,141,G,C141G,training,7080,0.001847,65.0,-2.717,0,0.791,0,3.0,63,0.0,0.0,nonfunctional
575,C,141,R,C141R,training,7080,-0.006062,77.0,-1.666,-2,0.791,0,2.0,63,0.0,0.0,nonfunctional
576,C,141,W,C141W,training,7080,-0.035239,80.0,-1.681,0,0.791,0,3.0,63,0.0,0.0,nonfunctional
577,C,141,Y,C141Y,training,7080,0.002585,62.0,-1.642,0,0.791,0,3.0,63,0.0,0.0,nonfunctional
578,P,142,R,P142R,validation,5934,-6.7e-05,87.0,-0.657,-2,0.813,0,3.0,77,0.0,0.0,functional
579,P,142,T,P142T,validation,5934,0.005402,72.0,-0.843,0,0.813,0,4.0,77,0.0,0.0,functional
580,V,143,G,V143G,training,5910,0.001995,64.0,-2.965,0,0.813,0,4.0,22,0.0,0.0,nonfunctional
581,V,143,M,V143M,training,5910,-0.005331,-48.0,-0.68,0,0.813,0,4.0,22,0.0,0.0,nonfunctional
582,Q,144,E,Q144E,training,3782,-0.005234,-57.0,-0.425,0,0.799,0,4.0,20,2.0,0.0,functional
583,Q,144,P,Q144P,training,3782,0.000525,35.0,-0.142,0,0.799,0,3.0,20,2.0,0.0,nonfunctional
584,L,145,P,L145P,training,7096,-0.005026,63.0,-2.095,0,0.834,0,3.0,0,0.0,0.0,nonfunctional
585,L,145,Q,L145Q,training,7096,-0.004168,45.0,-2.753,0,0.834,0,2.0,0,0.0,0.0,nonfunctional
586,L,145,R,L145R,training,7096,-0.001302,57.0,-2.199,-2,0.834,0,2.0,0,0.0,0.0,nonfunctional
588,D,148,A,D148A,validation,2719,-0.001348,-45.0,0.036,0,0.835,0,4.0,0,0.0,0.0,functional
589,D,148,V,D148V,validation,2719,9.2e-05,-3.0,0.313,0,0.835,0,3.0,0,0.0,0.0,functional
590,S,149,A,S149A,validation,2761,-0.001515,-56.0,-0.037,0,0.811,0,5.0,0,0.0,0.0,functional
591,S,149,C,S149C,validation,2761,0.001837,-1.0,0.032,0,0.811,0,4.0,0,0.0,0.0,functional
600,G,154,A,G154A,training,3990,-0.003111,4.0,-0.9,0,0.872,0,5.0,0,0.0,0.0,functional
601,G,154,R,G154R,training,3990,0.002466,50.0,-0.761,-2,0.872,0,3.0,0,0.0,0.0,functional
602,G,154,V,G154V,training,3990,0.001995,32.0,-0.629,0,0.872,0,4.0,0,0.0,0.0,nonfunctional
603,T,155,N,T155N,validation,5454,-0.005914,43.0,-1.003,0,0.867,0,4.0,0,1.0,0.0,nonfunctional
604,T,155,P,T155P,validation,5454,0.005402,48.0,-0.169,0,0.867,0,4.0,0,1.0,0.0,nonfunctional
605,R,156,P,R156P,validation,6312,-6.7e-05,78.0,-1.226,2,0.886,0,3.0,0,1.0,0.0,nonfunctional
608,R,158,C,R158C,training,7450,-0.006062,83.0,-1.346,2,0.819,0,2.0,0,2.0,0.0,nonfunctional
609,R,158,G,R158G,training,7450,0.002466,93.0,-1.177,2,0.819,0,3.0,0,2.0,0.0,nonfunctional
610,R,158,H,R158H,training,7450,0.009985,73.0,-1.364,0,0.819,0,4.0,0,2.0,0.0,nonfunctional
611,R,158,L,R158L,training,7450,-0.001302,85.0,-0.19,2,0.819,0,2.0,0,2.0,0.0,nonfunctional
612,R,158,P,R158P,training,7450,-6.7e-05,95.0,-1.221,2,0.819,0,3.0,0,2.0,0.0,nonfunctional
613,A,159,P,A159P,training,7245,-0.005081,75.0,-0.901,0,0.8,0,5.0,0,0.0,0.0,nonfunctional
614,A,159,V,A159V,training,7245,0.003642,22.0,0.345,0,0.8,0,5.0,0,0.0,0.0,nonfunctional
615,A,161,S,A161S,validation,8727,-0.001515,47.0,-2.064,0,0.838,0,5.0,0,0.0,0.0,nonfunctional
616,A,161,T,A161T,validation,8727,-0.000218,67.0,-1.629,0,0.838,0,5.0,0,0.0,0.0,nonfunctional
619,Y,163,C,Y163C,training,7506,0.002585,38.0,-2.574,0,0.84,0,3.0,0,0.0,0.0,nonfunctional
620,Y,163,D,Y163D,training,7506,0.000182,88.0,-4.014,0,0.84,0,2.0,0,0.0,0.0,nonfunctional
621,Y,163,H,Y163H,training,7506,0.007276,80.0,-2.583,-2,0.84,0,3.0,0,0.0,0.0,nonfunctional
622,Y,163,N,Y163N,training,7506,-0.006968,86.0,-3.337,0,0.84,0,3.0,0,0.0,0.0,nonfunctional
623,K,164,E,K164E,training,4764,-0.009604,80.0,0.126,1,0.876,0,4.0,0,0.0,0.0,nonfunctional
625,H,168,P,H168P,training,4003,-0.002032,72.0,-0.382,2,0.897,0,3.0,0,0.0,0.0,nonfunctional
626,H,168,Q,H168Q,training,4003,0.005803,38.0,-0.381,2,0.897,0,4.0,0,0.0,0.0,functional
627,H,168,R,H168R,training,4003,0.009985,57.0,-0.762,0,0.897,0,4.0,0,0.0,0.0,nonfunctional
630,T,170,K,T170K,training,4910,-0.005895,1.0,-0.349,-1,0.892,0,4.0,0,0.0,0.0,functional
631,E,171,A,E171A,training,6729,-0.002376,29.0,-0.542,0,0.884,0,4.0,0,0.0,0.0,functional
632,E,171,V,E171V,training,6729,0.001387,37.0,0.263,0,0.884,0,4.0,0,0.0,0.0,functional
633,V,172,D,V172D,validation,7733,9.2e-05,71.0,-2.869,0,0.887,0,3.0,0,0.0,0.0,nonfunctional
634,V,172,F,V172F,validation,7733,8e-06,53.0,-1.332,0,0.887,0,4.0,0,0.0,0.0,nonfunctional
635,V,173,A,V173A,training,9618,0.003642,44.0,-2.279,0,0.866,0,5.0,0,0.0,0.0,nonfunctional
636,V,173,G,V173G,training,9618,0.001995,80.0,-3.047,0,0.866,0,4.0,0,0.0,0.0,nonfunctional
637,V,173,L,V173L,training,9618,-0.00194,61.0,-0.767,0,0.866,0,5.0,0,0.0,0.0,nonfunctional
638,V,173,M,V173M,training,9618,-0.005331,60.0,-1.041,0,0.866,0,4.0,0,0.0,0.0,nonfunctional
639,R,174,W,R174W,validation,7723,-0.014845,75.0,-0.094,2,0.868,0,2.0,8,0.0,0.0,nonfunctional
643,C,176,F,C176F,training,6746,-0.013925,82.0,-1.262,0,0.908,0,3.0,144,0.0,0.0,nonfunctional
644,C,176,G,C176G,training,6746,0.001847,88.0,-1.628,0,0.908,0,3.0,144,0.0,0.0,nonfunctional
645,C,176,R,C176R,training,6746,-0.006062,90.0,-0.896,-2,0.908,0,2.0,144,0.0,0.0,nonfunctional
646,C,176,W,C176W,training,6746,-0.035239,90.0,-1.432,0,0.908,0,3.0,144,0.0,0.0,nonfunctional
647,C,176,Y,C176Y,training,6746,0.002585,87.0,-1.363,0,0.908,0,3.0,144,0.0,0.0,nonfunctional
648,P,177,A,P177A,validation,5267,-0.005081,26.0,0.171,0,0.9,0,5.0,170,0.0,0.0,functional
649,P,177,R,P177R,validation,5267,-6.7e-05,66.0,0.469,-2,0.9,0,3.0,170,0.0,0.0,nonfunctional
652,H,179,D,H179D,validation,6470,-0.002501,85.0,-0.472,2,0.887,0,3.0,116,0.0,0.0,nonfunctional
653,H,179,L,H179L,validation,6470,-0.004529,71.0,0.822,2,0.887,0,3.0,116,0.0,0.0,nonfunctional
654,H,179,N,H179N,validation,6470,0.008099,65.0,-0.112,2,0.887,0,4.0,116,0.0,0.0,nonfunctional
655,H,179,Q,H179Q,validation,6470,0.005803,59.0,0.362,2,0.887,0,4.0,116,0.0,0.0,nonfunctional
656,H,179,R,H179R,validation,6470,0.009985,82.0,-0.539,0,0.887,0,4.0,116,0.0,0.0,nonfunctional
657,H,179,Y,H179Y,validation,6470,0.007276,72.0,0.77,2,0.887,0,3.0,116,0.0,0.0,nonfunctional
661,R,181,C,R181C,training,3661,-0.006062,38.0,-0.249,2,0.916,0,2.0,133,0.0,0.0,nonfunctional
662,R,181,P,R181P,training,3661,-6.7e-05,76.0,0.219,2,0.916,0,3.0,133,0.0,0.0,nonfunctional
663,C,182,F,C182F,validation,4159,-0.013925,47.0,-1.006,0,0.914,0,3.0,86,0.0,0.0,functional
664,S,183,A,S183A,training,2386,-0.001515,-63.0,0.176,0,0.901,0,5.0,27,0.0,0.0,functional
665,S,183,T,S183T,training,2386,-0.002393,-72.0,0.045,0,0.901,0,5.0,27,0.0,0.0,functional
666,D,184,A,D184A,training,5337,-0.001348,30.0,0.336,0,0.94,0,4.0,12,0.0,0.0,functional
667,D,184,E,D184E,training,5337,0.002194,-28.0,-0.005,0,0.94,0,5.0,12,0.0,0.0,functional
668,D,184,V,D184V,training,5337,9.2e-05,49.0,0.53,0,0.94,0,3.0,12,0.0,0.0,functional
669,S,185,C,S185C,training,3089,0.001837,-30.0,0.19,0,0.932,0,4.0,11,0.0,0.0,functional
670,S,185,T,S185T,training,3089,-0.002393,-58.0,0.309,0,0.932,0,5.0,11,0.0,0.0,functional
671,D,186,A,D186A,training,4069,-0.001348,7.0,-0.206,0,0.948,0,4.0,26,0.0,0.0,functional
672,D,186,Y,D186Y,training,4069,0.000182,31.0,-0.049,0,0.948,0,2.0,26,0.0,0.0,functional
673,G,187,A,G187A,validation,2262,-0.003111,1.0,-0.554,0,0.969,0,5.0,9,0.0,0.0,functional
674,L,188,Q,L188Q,training,3362,-0.004168,19.0,-0.45,0,1.041,0,2.0,6,0.0,0.0,functional
675,L,188,R,L188R,training,3362,-0.001302,26.0,0.17,-2,1.041,0,2.0,6,0.0,0.0,functional
676,A,189,S,A189S,training,5758,-0.001515,24.0,-1.507,0,1.032,0,5.0,14,0.0,0.0,functional
677,P,190,L,P190L,training,6130,-0.005026,42.0,-0.776,0,0.993,0,3.0,23,0.0,0.0,nonfunctional
678,P,191,A,P191A,training,6236,-0.005081,-69.0,-0.877,0,0.928,0,5.0,32,0.0,0.0,functional
679,Q,192,E,Q192E,training,6327,-0.005234,-71.0,-0.98,0,0.912,0,4.0,28,0.0,0.0,functional
680,Q,192,P,Q192P,training,6327,0.000525,-4.0,-0.098,0,0.912,0,3.0,28,0.0,0.0,functional
689,I,195,F,I195F,training,8824,-0.009792,51.0,-1.894,0,0.853,0,4.0,0,0.0,0.0,nonfunctional
690,I,195,L,I195L,training,8824,-0.000782,-34.0,-0.977,0,0.853,0,5.0,0,0.0,0.0,functional
691,I,195,N,I195N,training,8824,0.002317,70.0,-2.804,0,0.853,0,2.0,0,0.0,0.0,nonfunctional
692,I,195,S,I195S,training,8824,0.001538,53.0,-3.637,0,0.853,0,2.0,0,0.0,0.0,nonfunctional
693,I,195,T,I195T,training,8824,-0.004179,51.0,-3.153,0,0.853,0,3.0,0,0.0,0.0,nonfunctional
694,I,195,V,I195V,training,8824,0.002618,-37.0,-1.962,0,0.853,0,5.0,0,0.0,0.0,functional
697,E,198,A,E198A,training,5682,-0.002376,48.0,-0.324,0,0.823,0,4.0,120,0.0,0.0,functional
698,E,198,V,E198V,training,5682,0.001387,46.0,0.27,0,0.823,0,4.0,120,0.0,0.0,functional
699,G,199,V,G199V,validation,4913,0.001995,61.0,-0.323,0,0.8,0,4.0,104,0.0,0.0,nonfunctional
700,N,200,H,N200H,training,4618,0.008099,43.0,-0.439,-2,0.859,0,4.0,77,0.0,0.0,functional
701,N,200,T,N200T,training,4618,-0.005914,31.0,0.152,0,0.859,0,4.0,77,0.0,0.0,functional
706,Y,205,C,Y205C,training,6368,0.002585,56.0,-1.349,0,0.931,0,3.0,0,0.0,0.0,nonfunctional
707,Y,205,F,Y205F,training,6368,-0.003256,27.0,-0.729,0,0.931,0,5.0,0,0.0,0.0,nonfunctional
708,Y,205,H,Y205H,training,6368,0.007276,53.0,-1.599,-2,0.931,0,3.0,0,0.0,0.0,nonfunctional
709,Y,205,S,Y205S,training,6368,-0.001895,70.0,-2.983,0,0.931,0,3.0,0,0.0,0.0,nonfunctional
710,L,206,F,L206F,training,4831,-0.002127,-86.0,-1.097,0,0.923,0,4.0,0,0.0,0.0,functional
711,L,206,M,L206M,training,4831,-0.002531,-88.0,-0.43,0,0.923,0,5.0,0,0.0,0.0,functional
712,L,206,V,L206V,training,4831,-0.00194,-69.0,-0.501,0,0.923,0,5.0,0,0.0,0.0,functional
713,L,206,W,L206W,training,4831,0.010659,-58.0,-1.007,0,0.923,0,4.0,0,0.0,0.0,functional
714,D,207,A,D207A,training,4558,-0.001348,17.0,-0.086,0,0.826,0,4.0,5,0.0,0.0,functional
715,D,207,V,D207V,training,4558,9.2e-05,26.0,0.751,0,0.826,0,3.0,5,0.0,0.0,functional
717,N,210,I,N210I,training,2087,0.002317,-23.0,0.182,0,0.899,0,2.0,0,0.0,0.0,functional
718,N,210,K,N210K,training,2087,0.006158,-13.0,0.465,-1,0.899,0,4.0,0,0.0,0.0,functional
719,T,211,I,T211I,validation,4809,-0.004179,31.0,-0.259,0,0.904,0,3.0,0,0.0,0.0,nonfunctional
720,F,212,C,F212C,training,4451,-0.013925,-35.0,-0.874,0,0.882,0,3.0,0,0.0,0.0,functional
721,R,213,G,R213G,training,7263,0.002466,88.0,-1.762,2,0.874,0,3.0,0,0.0,0.0,nonfunctional
722,R,213,L,R213L,training,7263,-0.001302,79.0,-0.174,2,0.874,0,2.0,0,0.0,0.0,nonfunctional
723,R,213,Q,R213Q,training,7263,-0.00121,66.0,-1.732,2,0.874,0,3.0,0,0.0,0.0,nonfunctional
724,H,214,N,H214N,validation,7155,0.008099,48.0,-1.268,2,0.904,0,4.0,0,0.0,0.0,functional
725,H,214,R,H214R,validation,7155,0.009985,54.0,-1.251,0,0.904,0,4.0,0,0.0,0.0,nonfunctional
726,S,215,G,S215G,training,7204,-0.003528,53.0,-0.63,0,0.916,0,5.0,0,0.0,0.0,nonfunctional
727,S,215,I,S215I,training,7204,0.001538,77.0,0.894,0,0.916,0,2.0,0,0.0,0.0,nonfunctional
728,S,215,N,S215N,training,7204,0.006249,55.0,-0.933,0,0.916,0,5.0,0,0.0,0.0,nonfunctional
729,S,215,R,S215R,training,7204,-0.00118,77.0,-0.743,-2,0.916,0,3.0,0,0.0,0.0,nonfunctional
730,V,216,E,V216E,validation,7877,0.001387,78.0,-3.45,0,0.925,0,4.0,0,1.0,0.0,nonfunctional
731,V,216,L,V216L,validation,7877,-0.00194,59.0,-0.782,0,0.925,0,5.0,0,1.0,0.0,nonfunctional
732,V,216,M,V216M,validation,7877,-0.005331,66.0,-1.221,0,0.925,0,4.0,0,1.0,0.0,nonfunctional
733,V,218,G,V218G,training,6352,0.001995,72.0,-3.256,0,0.902,0,4.0,0,1.0,0.0,nonfunctional
734,P,219,A,P219A,training,5147,-0.005081,52.0,-0.713,0,0.895,0,5.0,0,0.0,0.0,functional
735,P,219,H,P219H,training,5147,-0.002032,62.0,-0.728,-2,0.895,0,3.0,0,0.0,0.0,functional
740,P,222,R,P222R,training,3597,-6.7e-05,-63.0,-0.058,-2,0.973,0,3.0,0,0.0,0.0,functional
741,P,223,T,P223T,training,3253,0.005402,45.0,-0.511,0,0.984,0,4.0,4,0.0,0.0,functional
742,E,224,D,E224D,validation,2784,0.002194,41.0,-0.194,0,0.994,0,5.0,39,0.0,0.0,nonfunctional
743,E,224,Q,E224Q,validation,2784,-0.005234,-76.0,0.116,0,0.994,0,4.0,39,0.0,0.0,functional
744,V,225,L,V225L,training,3145,-0.00194,-54.0,-0.314,0,0.957,0,5.0,42,0.0,0.0,functional
746,S,227,A,S227A,training,2675,-0.001515,-8.0,0.084,0,0.949,0,5.0,41,0.0,0.0,functional
747,S,227,Y,S227Y,training,2675,-0.001895,60.0,-0.438,0,0.949,0,3.0,41,0.0,0.0,functional
748,C,229,G,C229G,training,4415,0.001847,51.0,-2.083,0,0.913,0,3.0,27,0.0,0.0,functional
749,C,229,W,C229W,training,4415,-0.035239,44.0,-1.303,0,0.913,0,3.0,27,0.0,0.0,functional
750,I,232,F,I232F,training,6896,-0.009792,57.0,-1.603,0,0.953,0,4.0,34,0.0,0.0,nonfunctional
751,I,232,S,I232S,training,6896,0.001538,77.0,-3.077,0,0.953,0,2.0,34,0.0,0.0,nonfunctional
753,Y,234,C,Y234C,training,6488,0.002585,72.0,-1.982,0,0.962,0,3.0,21,1.0,0.0,nonfunctional
754,Y,234,H,Y234H,training,6488,0.007276,85.0,-2.187,-2,0.962,0,3.0,21,1.0,0.0,nonfunctional
755,Y,234,N,Y234N,training,6488,-0.006968,89.0,-3.519,0,0.962,0,3.0,21,1.0,0.0,nonfunctional
756,Y,234,S,Y234S,training,6488,-0.001895,87.0,-3.881,0,0.962,0,3.0,21,1.0,0.0,nonfunctional
757,N,235,H,N235H,training,6305,0.008099,37.0,-0.72,-2,0.953,0,4.0,59,0.0,0.0,functional
759,M,237,I,M237I,training,8299,-0.009283,45.0,-1.596,0,0.903,0,4.0,15,0.0,0.0,nonfunctional
760,M,237,K,M237K,training,8299,-0.004667,82.0,-1.585,-1,0.903,0,2.0,15,0.0,0.0,nonfunctional
761,C,238,F,C238F,training,8820,-0.013925,90.0,-1.208,0,0.921,0,3.0,38,0.0,0.0,nonfunctional
762,C,238,R,C238R,training,8820,-0.006062,92.0,-1.649,-2,0.921,0,2.0,38,0.0,0.0,nonfunctional
763,N,239,D,N239D,training,7769,0.007855,66.0,-0.776,0,0.886,0,5.0,37,0.0,0.0,nonfunctional
764,N,239,S,N239S,training,7769,0.006249,36.0,-0.714,0,0.886,0,5.0,37,0.0,0.0,nonfunctional
765,S,240,C,S240C,validation,7595,0.001837,60.0,-0.182,0,0.877,0,4.0,10,0.0,0.0,nonfunctional
766,S,240,G,S240G,validation,7595,-0.003528,59.0,-0.228,0,0.877,0,5.0,10,0.0,0.0,nonfunctional
767,S,241,C,S241C,training,5867,0.001837,84.0,0.078,0,0.862,0,4.0,59,0.0,0.0,nonfunctional
768,S,241,F,S241F,training,5867,-0.001223,92.0,-0.664,0,0.862,0,3.0,59,0.0,0.0,nonfunctional
769,S,241,P,S241P,training,5867,-0.003125,90.0,0.116,0,0.862,0,4.0,59,0.0,0.0,nonfunctional
770,S,241,Y,S241Y,training,5867,-0.001895,90.0,-0.44,0,0.862,0,3.0,59,0.0,0.0,nonfunctional
771,C,242,F,C242F,training,5765,-0.013925,92.0,-0.774,0,0.837,0,3.0,107,0.0,0.0,nonfunctional
772,C,242,G,C242G,training,5765,0.001847,91.0,-0.847,0,0.837,0,3.0,107,0.0,0.0,nonfunctional
773,C,242,S,C242S,training,5765,0.001837,80.0,-0.772,0,0.837,0,4.0,107,0.0,0.0,nonfunctional
774,C,242,Y,C242Y,training,5765,0.002585,91.0,-0.802,0,0.837,0,3.0,107,0.0,0.0,nonfunctional
775,G,244,C,G244C,training,5270,0.001847,77.0,-0.902,0,0.844,0,3.0,142,0.0,0.0,nonfunctional
776,G,244,D,G244D,training,5270,0.001528,92.0,-1.149,0,0.844,0,4.0,142,0.0,0.0,nonfunctional
777,G,244,S,G244S,training,5270,-0.003528,74.0,-0.797,0,0.844,0,5.0,142,0.0,0.0,nonfunctional
778,G,244,V,G244V,training,5270,0.001995,83.0,-0.499,0,0.844,0,4.0,142,0.0,0.0,nonfunctional
779,G,245,C,G245C,training,6094,0.001847,65.0,-1.442,0,0.837,0,3.0,48,0.0,0.0,nonfunctional
780,G,245,D,G245D,training,6094,0.001528,89.0,-2.299,0,0.837,0,4.0,48,0.0,0.0,nonfunctional
781,G,245,R,G245R,training,6094,0.002466,86.0,-1.05,-2,0.837,0,3.0,48,0.0,0.0,nonfunctional
782,G,245,S,G245S,training,6094,-0.003528,64.0,-1.673,0,0.837,0,5.0,48,0.0,0.0,nonfunctional
783,G,245,V,G245V,training,6094,0.001995,76.0,-0.513,0,0.837,0,4.0,48,0.0,0.0,nonfunctional
786,N,247,H,N247H,training,3995,0.008099,30.0,-0.721,-2,0.816,0,4.0,29,0.0,0.0,functional
787,N,247,I,N247I,training,3995,0.002317,66.0,0.321,0,0.816,0,2.0,29,0.0,0.0,nonfunctional
788,R,248,G,R248G,validation,5195,0.002466,88.0,0.306,2,0.801,0,3.0,6,0.0,0.0,nonfunctional
789,R,248,L,R248L,validation,5195,-0.001302,80.0,0.333,2,0.801,0,2.0,6,0.0,0.0,nonfunctional
790,R,248,P,R248P,validation,5195,-6.7e-05,91.0,-0.381,2,0.801,0,3.0,6,0.0,0.0,nonfunctional
791,R,248,W,R248W,validation,5195,-0.014845,87.0,-0.69,2,0.801,0,2.0,6,0.0,0.0,nonfunctional
792,R,249,G,R249G,validation,6487,0.002466,82.0,-1.425,2,0.813,0,3.0,0,0.0,0.0,nonfunctional
793,R,249,M,R249M,validation,6487,-0.004676,43.0,-0.621,2,0.813,0,2.0,0,0.0,0.0,nonfunctional
794,R,249,S,R249S,validation,6487,-0.00118,69.0,-1.878,2,0.813,0,3.0,0,0.0,0.0,nonfunctional
795,R,249,T,R249T,validation,6487,0.003967,75.0,-1.306,2,0.813,0,3.0,0,0.0,0.0,nonfunctional
796,R,249,W,R249W,validation,6487,-0.014845,67.0,-0.3,2,0.813,0,2.0,0,0.0,0.0,nonfunctional
797,P,250,L,P250L,training,6054,-0.005026,64.0,-0.496,0,0.822,0,3.0,0,0.0,0.0,nonfunctional
798,P,250,R,P250R,training,6054,-6.7e-05,74.0,-0.861,-2,0.822,0,3.0,0,0.0,0.0,functional
799,I,251,F,I251F,training,8515,-0.009792,43.0,-1.877,0,0.857,0,4.0,0,1.0,0.0,nonfunctional
800,L,252,P,L252P,training,6501,-0.005026,74.0,-2.144,0,0.894,0,3.0,0,1.0,0.0,nonfunctional
801,L,252,R,L252R,training,6501,-0.001302,50.0,-1.324,-2,0.894,0,2.0,0,1.0,0.0,functional
802,I,254,S,I254S,validation,6663,0.001538,65.0,-3.128,0,0.871,0,2.0,0,0.0,0.0,nonfunctional
803,I,255,F,I255F,training,7721,-0.009792,3.0,-1.807,0,0.856,0,4.0,0,1.0,0.0,nonfunctional
804,I,255,L,I255L,training,7721,-0.000782,-46.0,-0.618,0,0.856,0,5.0,0,1.0,0.0,functional
805,I,255,N,I255N,training,7721,0.002317,57.0,-2.749,0,0.856,0,2.0,0,1.0,0.0,nonfunctional
806,I,255,S,I255S,training,7721,0.001538,47.0,-3.661,0,0.856,0,2.0,0,1.0,0.0,nonfunctional
807,I,255,T,I255T,training,7721,-0.004179,47.0,-3.118,0,0.856,0,3.0,0,1.0,0.0,nonfunctional
809,L,257,M,L257M,training,8827,-0.002531,-62.0,-1.501,0,0.857,0,5.0,0,0.0,0.0,functional
810,L,257,P,L257P,training,8827,-0.005026,56.0,-2.574,0,0.857,0,3.0,0,0.0,0.0,nonfunctional
811,L,257,Q,L257Q,training,8827,-0.004168,41.0,-3.113,0,0.857,0,2.0,0,0.0,0.0,nonfunctional
812,E,258,A,E258A,training,6292,-0.002376,49.0,-1.224,0,0.946,0,4.0,0,2.0,0.0,nonfunctional
813,E,258,K,E258K,training,6292,-0.009604,81.0,-0.914,-1,0.946,0,4.0,0,2.0,0.0,nonfunctional
814,E,258,Q,E258Q,training,6292,-0.005234,61.0,-0.858,0,0.946,0,4.0,0,2.0,0.0,nonfunctional
815,D,259,V,D259V,training,4073,9.2e-05,31.0,0.151,0,0.96,0,3.0,0,0.0,0.0,nonfunctional
816,D,259,Y,D259Y,training,4073,0.000182,34.0,-0.588,0,0.96,0,2.0,0,0.0,0.0,nonfunctional
817,S,261,I,S261I,training,2334,0.001538,-34.0,0.096,0,0.963,0,2.0,0,0.0,0.0,functional
818,G,262,A,G262A,training,4064,-0.003111,27.0,-0.513,0,0.995,0,5.0,0,0.0,0.0,functional
819,G,262,C,G262C,training,4064,0.001847,50.0,-1.082,0,0.995,0,3.0,0,0.0,0.0,functional
820,G,262,R,G262R,training,4064,0.002466,86.0,-0.32,-2,0.995,0,3.0,0,0.0,0.0,functional
821,G,262,V,G262V,training,4064,0.001995,71.0,-0.517,0,0.995,0,4.0,0,0.0,0.0,nonfunctional
825,L,264,P,L264P,training,5017,-0.005026,75.0,-1.473,0,1.022,0,3.0,0,0.0,0.0,functional
826,L,264,Q,L264Q,training,5017,-0.004168,66.0,-0.965,0,1.022,0,2.0,0,0.0,0.0,functional
827,L,264,V,L264V,training,5017,-0.00194,-43.0,-0.609,0,1.022,0,5.0,0,0.0,0.0,functional
828,L,265,P,L265P,training,6158,-0.005026,78.0,-1.264,0,0.988,0,3.0,0,0.0,0.0,nonfunctional
829,L,265,R,L265R,training,6158,-0.001302,81.0,-0.898,-2,0.988,0,2.0,0,0.0,0.0,nonfunctional
830,L,265,V,L265V,training,6158,-0.00194,8.0,-0.59,0,0.988,0,5.0,0,0.0,0.0,functional
834,R,267,L,R267L,training,5922,-0.001302,79.0,-0.976,2,1.024,0,2.0,0,1.0,0.0,nonfunctional
835,R,267,P,R267P,training,5922,-6.7e-05,90.0,-2.021,2,1.024,0,3.0,0,1.0,0.0,nonfunctional
836,R,267,Q,R267Q,training,5922,-0.00121,68.0,-1.4,2,1.024,0,3.0,0,1.0,0.0,nonfunctional
837,R,267,W,R267W,training,5922,-0.014845,74.0,-0.866,2,1.024,0,2.0,0,1.0,0.0,nonfunctional
838,N,268,D,N268D,training,6495,0.007855,-18.0,-1.317,0,1.053,0,5.0,0,0.0,0.0,functional
839,N,268,K,N268K,training,6495,0.006158,20.0,0.017,-1,1.053,0,4.0,0,0.0,0.0,functional
840,N,268,T,N268T,training,6495,-0.005914,8.0,-0.418,0,1.053,0,4.0,0,0.0,0.0,functional
841,F,270,C,F270C,training,6894,-0.013925,-3.0,-1.745,0,1.058,0,3.0,0,1.0,1.0,nonfunctional
842,F,270,L,F270L,training,6894,-0.002127,29.0,-1.17,0,1.058,0,4.0,0,1.0,1.0,nonfunctional
843,F,270,S,F270S,training,6894,-0.001223,70.0,-3.582,0,1.058,0,3.0,0,1.0,1.0,nonfunctional
844,E,271,K,E271K,validation,6195,-0.009604,79.0,-1.159,-1,1.054,0,4.0,0,1.0,0.0,nonfunctional
845,E,271,V,E271V,validation,6195,0.001387,72.0,0.369,0,1.054,0,4.0,0,1.0,0.0,nonfunctional
848,R,273,C,R273C,training,8941,-0.006062,83.0,-1.455,2,1.073,0,2.0,0,0.0,0.0,nonfunctional
849,R,273,G,R273G,training,8941,0.002466,91.0,-1.432,2,1.073,0,3.0,0,0.0,0.0,nonfunctional
850,R,273,H,R273H,training,8941,0.009985,72.0,-1.695,0,1.073,0,4.0,0,0.0,0.0,nonfunctional
851,R,273,L,R273L,training,8941,-0.001302,88.0,-0.262,2,1.073,0,2.0,0,0.0,0.0,nonfunctional
852,R,273,P,R273P,training,8941,-6.7e-05,93.0,-1.255,2,1.073,0,3.0,0,0.0,0.0,nonfunctional
853,R,273,S,R273S,training,8941,-0.00118,90.0,-2.256,2,1.073,0,3.0,0,0.0,0.0,nonfunctional
854,V,274,D,V274D,training,9216,9.2e-05,85.0,-2.835,0,1.061,0,3.0,10,1.0,0.0,nonfunctional
855,V,274,F,V274F,training,9216,8e-06,75.0,-1.777,0,1.061,0,4.0,10,1.0,0.0,nonfunctional
856,V,274,G,V274G,training,9216,0.001995,82.0,-3.16,0,1.061,0,4.0,10,1.0,0.0,nonfunctional
857,C,275,F,C275F,training,8761,-0.013925,91.0,-1.089,0,1.079,0,3.0,7,0.0,0.0,nonfunctional
858,C,275,G,C275G,training,8761,0.001847,89.0,-1.552,0,1.079,0,3.0,7,0.0,0.0,nonfunctional
859,C,275,R,C275R,training,8761,-0.006062,90.0,-0.788,-2,1.079,0,2.0,7,0.0,0.0,nonfunctional
860,C,275,W,C275W,training,8761,-0.035239,92.0,-1.344,0,1.079,0,3.0,7,0.0,0.0,nonfunctional
861,C,275,Y,C275Y,training,8761,0.002585,92.0,-1.102,0,1.079,0,3.0,7,0.0,0.0,nonfunctional
862,A,276,D,A276D,training,7423,-0.001348,83.0,-0.564,0,1.069,0,4.0,6,0.0,0.0,nonfunctional
863,A,276,G,A276G,training,7423,-0.003111,61.0,-0.14,0,1.069,0,5.0,6,0.0,0.0,nonfunctional
864,A,276,P,A276P,training,7423,-0.005081,82.0,-0.209,0,1.069,0,5.0,6,0.0,0.0,nonfunctional
865,C,277,F,C277F,training,8662,-0.013925,90.0,-0.693,0,1.083,1,3.0,0,0.0,0.0,nonfunctional
866,C,277,Y,C277Y,training,8662,0.002585,91.0,-0.655,0,1.083,1,3.0,0,0.0,0.0,nonfunctional
867,P,278,A,P278A,training,9132,-0.005081,19.0,-0.959,0,1.083,0,5.0,0,0.0,0.0,nonfunctional
868,P,278,H,P278H,training,9132,-0.002032,19.0,-0.855,-2,1.083,0,3.0,0,0.0,0.0,nonfunctional
869,P,278,L,P278L,training,9132,-0.005026,33.0,0.04,0,1.083,0,3.0,0,0.0,0.0,nonfunctional
870,P,278,R,P278R,training,9132,-6.7e-05,54.0,-0.972,-2,1.083,0,3.0,0,0.0,0.0,nonfunctional
871,P,278,S,P278S,training,9132,-0.003125,2.0,-2.103,0,1.083,0,4.0,0,0.0,0.0,nonfunctional
872,P,278,T,P278T,training,9132,0.005402,24.0,-1.834,0,1.083,0,4.0,0,0.0,0.0,nonfunctional
873,G,279,A,G279A,training,7679,-0.003111,2.0,-0.374,0,1.111,1,5.0,0,0.0,0.0,functional
874,G,279,E,G279E,training,7679,-0.000113,57.0,-2.888,0,1.111,1,4.0,0,0.0,0.0,nonfunctional
875,R,280,G,R280G,training,7632,0.002466,81.0,-0.686,2,1.091,1,3.0,0,0.0,0.0,nonfunctional
876,R,280,I,R280I,training,7632,0.001034,74.0,0.375,2,1.091,1,2.0,0,0.0,0.0,nonfunctional
877,R,280,K,R280K,training,7632,0.007273,57.0,0.009,1,1.091,1,5.0,0,0.0,0.0,nonfunctional
878,R,280,S,R280S,training,7632,-0.00118,72.0,-0.496,2,1.091,1,3.0,0,0.0,0.0,nonfunctional
879,R,280,T,R280T,training,7632,0.003967,71.0,-0.117,2,1.091,1,3.0,0,0.0,0.0,nonfunctional
885,R,282,G,R282G,training,8361,0.002466,57.0,-2.333,2,1.004,0,3.0,0,0.0,0.0,nonfunctional
886,R,282,Q,R282Q,training,8361,-0.00121,38.0,-1.409,2,1.004,0,3.0,0,0.0,0.0,nonfunctional
887,R,282,W,R282W,training,8361,-0.014845,62.0,-1.165,2,1.004,0,2.0,0,0.0,0.0,nonfunctional
888,R,283,P,R283P,validation,4874,-6.7e-05,54.0,-0.74,2,0.969,0,3.0,0,0.0,0.0,nonfunctional
889,T,284,R,T284R,validation,4235,0.003967,36.0,-0.038,-2,0.962,0,3.0,0,0.0,0.0,functional
892,E,286,A,E286A,training,5296,-0.002376,1.0,-0.827,0,0.94,0,4.0,0,0.0,0.0,nonfunctional
893,E,286,G,E286G,training,5296,-0.000113,29.0,-1.482,0,0.94,0,4.0,0,0.0,0.0,nonfunctional
894,E,286,K,E286K,training,5296,-0.009604,38.0,-0.656,-1,0.94,0,4.0,0,0.0,0.0,nonfunctional
895,E,286,Q,E286Q,training,5296,-0.005234,13.0,-1.067,0,0.94,0,4.0,0,0.0,0.0,nonfunctional
896,E,286,V,E286V,training,5296,0.001387,16.0,0.087,0,0.94,0,4.0,0,0.0,0.0,nonfunctional
899,N,288,D,N288D,training,2843,0.007855,-8.0,-0.035,0,0.942,0,5.0,0,0.0,0.0,functional
900,N,288,H,N288H,training,2843,0.008099,-37.0,-0.585,-2,0.942,0,4.0,0,0.0,0.0,functional
901,N,288,I,N288I,training,2843,0.002317,-22.0,0.556,0,0.942,0,2.0,0,0.0,0.0,functional
902,N,288,K,N288K,training,2843,0.006158,-39.0,0.427,-1,0.942,0,4.0,0,0.0,0.0,functional
903,L,289,F,L289F,training,3116,-0.002127,-96.0,-0.935,0,0.915,0,4.0,0,0.0,0.0,nonfunctional
904,L,289,R,L289R,training,3116,-0.001302,-68.0,0.127,-2,0.915,0,2.0,0,0.0,0.0,functional
905,R,290,C,R290C,training,2104,-0.006062,-39.0,-0.305,2,0.907,0,2.0,0,0.0,0.0,nonfunctional
906,R,290,S,R290S,training,2104,-0.00118,-23.0,-0.572,2,0.907,0,3.0,0,0.0,0.0,functional
907,K,292,Q,K292Q,validation,1737,0.002349,-39.0,0.599,1,0.909,0,4.0,0,0.0,0.0,functional
908,G,293,A,G293A,validation,1505,-0.003111,-41.0,0.413,0,0.89,0,5.0,0,0.0,0.0,functional
910,P,295,R,P295R,training,888,-6.7e-05,-38.0,0.0,-2,0.871,0,3.0,0,0.0,0.0,functional
911,P,295,T,P295T,training,888,0.005402,-66.0,0.0,0,0.871,0,4.0,0,0.0,0.0,functional
913,H,297,D,H297D,training,615,-0.002501,-42.0,0.0,2,0.864,0,3.0,0,0.0,0.0,functional
914,H,297,L,H297L,training,615,-0.004529,-64.0,0.0,2,0.864,0,3.0,0,0.0,0.0,functional
915,H,297,N,H297N,training,615,0.008099,-67.0,0.0,2,0.864,0,4.0,0,0.0,0.0,functional
916,H,297,Q,H297Q,training,615,0.005803,-73.0,0.0,2,0.864,0,4.0,0,0.0,0.0,functional
918,L,299,M,L299M,training,660,-0.002531,-76.0,0.0,0,0.801,0,5.0,0,0.0,0.0,functional
919,L,299,R,L299R,training,660,-0.001302,-32.0,0.0,-2,0.801,0,2.0,0,0.0,0.0,functional
920,L,299,V,L299V,training,660,-0.00194,-33.0,0.0,0,0.801,0,5.0,0,0.0,0.0,functional
921,P,300,R,P300R,training,730,-6.7e-05,-8.0,0.0,-2,0.823,0,3.0,0,0.0,0.0,functional
922,P,300,T,P300T,training,730,0.005402,-30.0,0.0,0,0.823,0,4.0,0,0.0,0.0,functional
923,P,301,R,P301R,training,634,-6.7e-05,-6.0,0.0,-2,0.878,0,3.0,0,0.0,0.0,functional
924,P,301,T,P301T,training,634,0.005402,-22.0,0.0,0,0.878,0,4.0,0,0.0,0.0,functional
926,S,303,G,S303G,training,740,-0.003528,-18.0,0.0,0,0.875,0,5.0,0,0.0,0.0,functional
927,S,303,R,S303R,training,740,-0.00118,-19.0,0.0,-2,0.875,0,3.0,0,0.0,0.0,functional
928,T,304,N,T304N,training,705,-0.005914,-53.0,0.0,0,0.876,0,4.0,0,0.0,0.0,functional
929,T,304,P,T304P,training,705,0.005402,-37.0,0.0,0,0.876,0,4.0,0,0.0,0.0,functional
930,T,304,S,T304S,training,705,-0.002393,-63.0,0.0,0,0.876,0,5.0,0,0.0,0.0,functional
931,K,305,Q,K305Q,training,556,0.002349,11.0,0.0,1,0.879,0,4.0,0,0.0,0.0,functional
935,L,308,P,L308P,training,418,-0.005026,12.0,0.0,0,0.837,0,3.0,0,0.0,0.0,functional
936,L,308,Q,L308Q,training,418,-0.004168,11.0,0.0,0,0.837,0,2.0,0,0.0,0.0,functional
937,L,308,R,L308R,training,418,-0.001302,20.0,0.0,-2,0.837,0,2.0,0,0.0,0.0,functional
938,P,309,A,P309A,validation,608,-0.005081,-21.0,0.0,0,0.868,0,5.0,0,0.0,0.0,functional
939,P,309,R,P309R,validation,608,-6.7e-05,-3.0,0.0,-2,0.868,0,3.0,0,0.0,0.0,functional
940,N,310,D,N310D,training,504,0.007855,-47.0,0.0,0,0.866,0,5.0,0,0.0,0.0,functional
941,N,310,H,N310H,training,504,0.008099,-73.0,0.0,-2,0.866,0,4.0,0,0.0,0.0,functional
942,N,310,S,N310S,training,504,0.006249,-72.0,0.0,0,0.866,0,5.0,0,0.0,0.0,functional
943,N,310,Y,N310Y,training,504,-0.006968,-15.0,0.0,0,0.866,0,3.0,0,0.0,0.0,functional
944,N,311,D,N311D,training,639,0.007855,-10.0,0.0,0,0.869,0,5.0,0,0.0,0.0,functional
945,N,311,I,N311I,training,639,0.002317,-19.0,0.0,0,0.869,0,2.0,0,0.0,0.0,functional
949,S,313,C,S313C,training,731,0.001837,-24.0,0.0,0,0.926,0,4.0,0,0.0,0.0,functional
950,S,313,G,S313G,training,731,-0.003528,-10.0,0.0,0,0.926,0,5.0,0,0.0,0.0,functional
951,S,313,I,S313I,training,731,0.001538,-2.0,0.0,0,0.926,0,2.0,0,0.0,0.0,functional
957,S,315,A,S315A,training,619,-0.001515,-33.0,0.0,0,0.979,0,5.0,0,0.0,0.0,functional
958,S,315,T,S315T,training,619,-0.002393,-50.0,0.0,0,0.979,0,5.0,0,0.0,0.0,functional
959,S,315,Y,S315Y,training,619,-0.001895,0.0,0.0,0,0.979,0,3.0,0,0.0,0.0,functional
963,Q,317,E,Q317E,validation,583,-0.005234,-51.0,0.0,0,1.037,0,4.0,0,0.0,0.0,functional
964,Q,317,L,Q317L,validation,583,-0.004168,-41.0,0.0,0,1.037,0,2.0,0,0.0,0.0,functional
965,Q,317,P,Q317P,validation,583,0.000525,-47.0,0.0,0,1.037,0,3.0,0,0.0,0.0,functional
966,P,318,Q,P318Q,training,564,0.000525,-44.0,0.0,0,1.067,0,3.0,0,0.0,0.0,functional
967,P,318,R,P318R,training,564,-6.7e-05,2.0,0.0,-2,1.067,0,3.0,0,0.0,0.0,functional
968,P,318,T,P318T,training,564,0.005402,-27.0,0.0,0,1.067,0,4.0,0,0.0,0.0,functional
969,K,319,M,K319M,training,524,-0.004667,-2.0,0.0,1,1.069,0,2.0,0,0.0,0.0,functional
970,K,319,Q,K319Q,training,524,0.002349,-23.0,0.0,1,1.069,0,4.0,0,0.0,0.0,functional
971,K,319,R,K319R,training,524,0.007273,-36.0,0.0,-1,1.069,0,5.0,0,0.0,0.0,functional
972,K,319,T,K319T,training,524,-0.005895,1.0,0.0,1,1.069,0,4.0,0,0.0,0.0,functional
983,P,322,A,P322A,training,823,-0.005081,-56.0,0.0,0,1.032,0,5.0,32,0.0,0.0,functional
984,P,322,Q,P322Q,training,823,0.000525,-64.0,0.0,0,1.032,0,3.0,32,0.0,0.0,functional
985,P,322,S,P322S,training,823,-0.003125,-75.0,0.0,0,1.032,0,4.0,32,0.0,0.0,functional
986,P,322,T,P322T,training,823,0.005402,-72.0,0.0,0,1.032,0,4.0,32,0.0,0.0,functional
991,D,324,A,D324A,training,1083,-0.001348,5.0,0.0,0,1.02,0,4.0,117,0.0,0.0,functional
992,D,324,V,D324V,training,1083,9.2e-05,15.0,0.0,0,1.02,0,3.0,117,0.0,0.0,functional
993,D,324,Y,D324Y,training,1083,0.000182,21.0,0.0,0,1.02,0,2.0,117,0.0,0.0,functional
994,G,325,R,G325R,training,1204,0.002466,-23.0,-0.245,-2,1.024,0,3.0,174,0.0,0.0,functional
995,E,326,A,E326A,training,1289,-0.002376,15.0,-0.249,0,0.991,0,4.0,197,0.0,0.0,functional
996,E,326,D,E326D,training,1289,0.002194,-29.0,-0.23,0,0.991,0,5.0,197,0.0,0.0,functional
997,E,326,G,E326G,training,1289,-0.000113,8.0,-0.386,0,0.991,0,4.0,197,0.0,0.0,functional
998,E,326,Q,E326Q,training,1289,-0.005234,10.0,-0.281,0,0.991,0,4.0,197,0.0,0.0,functional
999,E,326,V,E326V,training,1289,0.001387,17.0,0.12,0,0.991,0,4.0,197,0.0,0.0,functional
1000,Y,327,C,Y327C,training,1502,0.002585,6.0,0.183,0,1.04,0,3.0,268,0.0,0.0,functional
1001,Y,327,D,Y327D,training,1502,0.000182,61.0,1.075,0,1.04,0,2.0,268,0.0,0.0,functional
1002,Y,327,F,Y327F,training,1502,-0.003256,-12.0,0.127,0,1.04,0,5.0,268,0.0,0.0,functional
1003,Y,327,H,Y327H,training,1502,0.007276,51.0,0.623,-2,1.04,0,3.0,268,0.0,0.0,functional
1004,Y,327,N,Y327N,training,1502,-0.006968,58.0,0.057,0,1.04,0,3.0,268,0.0,0.0,functional
1005,Y,327,S,Y327S,training,1502,-0.001895,43.0,-0.286,0,1.04,0,3.0,268,0.0,0.0,functional
1006,F,328,C,F328C,training,2287,-0.013925,20.0,-0.184,0,1.031,0,3.0,376,1.0,0.0,functional
1007,F,328,I,F328I,training,2287,-0.009792,27.0,-0.099,0,1.031,0,4.0,376,1.0,0.0,functional
1008,F,328,V,F328V,training,2287,8e-06,37.0,-0.176,0,1.031,0,4.0,376,1.0,0.0,functional
1009,F,328,Y,F328Y,training,2287,-0.003256,-33.0,-0.152,0,1.031,0,5.0,376,1.0,0.0,functional
1010,T,329,A,T329A,training,1504,-0.000218,-24.0,0.111,0,1.021,0,5.0,467,0.0,0.0,functional
1011,T,329,N,T329N,training,1504,-0.005914,-41.0,0.006,0,1.021,0,4.0,467,0.0,0.0,functional
1012,T,329,P,T329P,training,1504,0.005402,-8.0,-0.334,0,1.021,0,4.0,467,0.0,0.0,functional
1013,L,330,I,L330I,validation,3201,-0.000782,-18.0,0.064,0,1.029,0,5.0,733,0.0,0.0,functional
1014,L,330,V,L330V,validation,3201,-0.00194,17.0,0.008,0,1.029,0,5.0,733,0.0,0.0,functional
1015,Q,331,H,Q331H,validation,1452,0.005803,-75.0,0.329,-2,1.005,0,4.0,453,0.0,0.0,nonfunctional
1016,Q,331,K,Q331K,validation,1452,0.002349,-61.0,0.306,-1,1.005,0,4.0,453,0.0,0.0,functional
1017,Q,331,L,Q331L,validation,1452,-0.004168,-26.0,0.517,0,1.005,0,2.0,453,0.0,0.0,functional
1018,I,332,L,I332L,training,3374,-0.000782,42.0,-0.285,0,0.989,0,5.0,753,0.0,0.0,functional
1019,I,332,M,I332M,training,3374,-0.009283,46.0,-0.772,0,0.989,0,4.0,753,0.0,0.0,functional
1020,I,332,T,I332T,training,3374,-0.004179,23.0,-1.401,0,0.989,0,3.0,753,0.0,0.0,functional
1021,R,333,G,R333G,training,2091,0.002466,71.0,0.164,2,0.974,0,3.0,271,0.0,0.0,functional
1022,R,333,L,R333L,training,2091,-0.001302,34.0,0.408,2,0.974,0,2.0,271,0.0,0.0,functional
1023,R,333,P,R333P,training,2091,-6.7e-05,71.0,-0.036,2,0.974,0,3.0,271,0.0,0.0,functional
1025,R,335,G,R335G,training,1877,0.002466,77.0,-0.011,2,1.006,0,3.0,197,0.0,0.0,functional
1026,R,335,P,R335P,training,1877,-6.7e-05,75.0,-0.028,2,1.006,0,3.0,197,0.0,0.0,functional
1027,R,335,S,R335S,training,1877,-0.00118,57.0,-0.383,2,1.006,0,3.0,197,0.0,0.0,functional
1028,E,336,A,E336A,training,1780,-0.002376,-70.0,-0.139,0,1.015,0,4.0,312,0.0,0.0,functional
1029,E,336,D,E336D,training,1780,0.002194,-55.0,-0.231,0,1.015,0,5.0,312,0.0,0.0,functional
1030,E,336,G,E336G,training,1780,-0.000113,-9.0,-0.566,0,1.015,0,4.0,312,0.0,0.0,functional
1031,E,336,Q,E336Q,training,1780,-0.005234,-62.0,0.141,0,1.015,0,4.0,312,0.0,0.0,functional
1032,E,336,V,E336V,training,1780,0.001387,-29.0,-0.069,0,1.015,0,4.0,312,0.0,0.0,functional
1033,R,337,C,R337C,training,3401,-0.006062,30.0,-0.608,2,1.022,0,2.0,790,0.0,0.0,nonfunctional
1034,R,337,L,R337L,training,3401,-0.001302,39.0,0.516,2,1.022,0,2.0,790,0.0,0.0,nonfunctional
1039,E,339,A,E339A,training,2167,-0.002376,-14.0,-0.733,0,0.996,0,4.0,315,0.0,0.0,functional
1040,E,339,D,E339D,training,2167,0.002194,-39.0,-0.901,0,0.996,0,5.0,315,0.0,0.0,functional
1041,E,339,V,E339V,training,2167,0.001387,8.0,-0.277,0,0.996,0,4.0,315,0.0,0.0,functional
1045,F,341,I,F341I,training,4397,-0.009792,-26.0,-0.838,0,1.009,0,4.0,1229,0.0,1.0,functional
1046,F,341,V,F341V,training,4397,8e-06,11.0,-1.197,0,1.009,0,4.0,1229,0.0,1.0,functional
1047,F,341,Y,F341Y,training,4397,-0.003256,41.0,-0.441,0,1.009,0,5.0,1229,0.0,1.0,functional
1049,E,343,A,E343A,training,3058,-0.002376,-36.0,-0.539,0,0.986,0,4.0,668,0.0,0.0,functional
1050,E,343,D,E343D,training,3058,0.002194,1.0,-0.792,0,0.986,0,5.0,668,0.0,0.0,functional
1051,E,343,Q,E343Q,training,3058,-0.005234,-55.0,-0.37,0,0.986,0,4.0,668,0.0,0.0,functional
1052,E,343,V,E343V,training,3058,0.001387,9.0,-0.308,0,0.986,0,4.0,668,0.0,0.0,functional
1053,L,344,M,L344M,training,3950,-0.002531,-33.0,-0.311,0,0.968,0,5.0,1125,0.0,0.0,functional
1054,L,344,V,L344V,training,3950,-0.00194,-38.0,-0.634,0,0.968,0,5.0,1125,0.0,0.0,functional
1061,E,346,A,E346A,training,2711,-0.002376,9.0,-0.429,0,0.977,0,4.0,439,0.0,0.0,functional
1062,E,346,D,E346D,training,2711,0.002194,-65.0,-0.783,0,0.977,0,5.0,439,0.0,0.0,functional
1063,E,346,G,E346G,training,2711,-0.000113,48.0,-1.055,0,0.977,0,4.0,439,0.0,0.0,functional
1064,E,346,K,E346K,training,2711,-0.009604,19.0,-0.174,-1,0.977,0,4.0,439,0.0,0.0,functional
1065,E,346,Q,E346Q,training,2711,-0.005234,28.0,-0.385,0,0.977,0,4.0,439,0.0,0.0,functional
1066,E,346,V,E346V,training,2711,0.001387,33.0,-0.223,0,0.977,0,4.0,439,0.0,0.0,functional
1067,A,347,S,A347S,training,3988,-0.001515,-54.0,-1.021,0,0.998,0,5.0,549,0.0,0.0,functional
1068,L,348,M,L348M,training,4043,-0.002531,-23.0,-0.127,0,1.012,0,5.0,607,0.0,0.0,functional
1069,L,348,S,L348S,training,4043,0.001004,68.0,-0.59,0,1.012,0,2.0,607,0.0,0.0,functional
1070,L,348,V,L348V,training,4043,-0.00194,15.0,-0.443,0,1.012,0,5.0,607,0.0,0.0,functional
1071,E,349,A,E349A,training,2727,-0.002376,17.0,-0.467,0,0.991,0,4.0,342,0.0,0.0,functional
1072,E,349,D,E349D,training,2727,0.002194,30.0,-0.534,0,0.991,0,5.0,342,0.0,0.0,functional
1073,E,349,G,E349G,training,2727,-0.000113,53.0,-1.09,0,0.991,0,4.0,342,0.0,0.0,functional
1074,E,349,Q,E349Q,training,2727,-0.005234,24.0,-0.253,0,0.991,0,4.0,342,0.0,0.0,functional
1075,E,349,V,E349V,training,2727,0.001387,36.0,-0.242,0,0.991,0,4.0,342,0.0,0.0,functional
1076,L,350,H,L350H,training,3178,-0.004529,50.0,-0.225,-2,0.983,0,3.0,168,0.0,0.0,functional
1077,L,350,I,L350I,training,3178,-0.000782,-30.0,0.003,0,0.983,0,5.0,168,0.0,0.0,functional
1078,L,350,R,L350R,training,3178,-0.001302,56.0,0.481,-2,0.983,0,2.0,168,0.0,0.0,functional
1079,L,350,V,L350V,training,3178,-0.00194,-23.0,-0.137,0,0.983,0,5.0,168,0.0,0.0,functional
1080,K,351,M,K351M,training,2950,-0.004667,-25.0,0.447,1,1.01,0,2.0,249,0.0,0.0,functional
1081,K,351,Q,K351Q,training,2950,0.002349,-26.0,0.416,1,1.01,0,4.0,249,0.0,0.0,functional
1082,K,351,R,K351R,training,2950,0.007273,-40.0,0.212,-1,1.01,0,5.0,249,0.0,0.0,functional
1083,K,351,T,K351T,training,2950,-0.005895,-16.0,0.06,1,1.01,0,4.0,249,0.0,0.0,functional
1084,D,352,A,D352A,validation,2009,-0.001348,-20.0,0.285,0,1.023,0,4.0,172,0.0,0.0,functional
1085,D,352,E,D352E,validation,2009,0.002194,-42.0,0.407,0,1.023,0,5.0,172,0.0,0.0,functional
1086,D,352,G,D352G,validation,2009,0.001528,14.0,-0.151,0,1.023,0,4.0,172,0.0,0.0,functional
1087,D,352,H,D352H,validation,2009,-0.002501,12.0,-0.214,-2,1.023,0,3.0,172,0.0,0.0,functional
1088,D,352,V,D352V,validation,2009,9.2e-05,8.0,0.313,0,1.023,0,3.0,172,0.0,0.0,functional
1089,A,353,D,A353D,validation,1604,-0.001348,-1.0,-0.373,0,1.04,0,4.0,84,0.0,0.0,functional
1090,A,353,G,A353G,validation,1604,-0.003111,-41.0,-0.132,0,1.04,0,5.0,84,0.0,0.0,functional
1091,A,353,P,A353P,validation,1604,-0.005081,-7.0,-0.423,0,1.04,0,5.0,84,0.0,0.0,functional
1092,A,353,S,A353S,validation,1604,-0.001515,-64.0,-0.373,0,1.04,0,5.0,84,0.0,0.0,functional
1093,A,353,V,A353V,validation,1604,0.003642,-68.0,-0.092,0,1.04,0,5.0,84,0.0,0.0,functional
1094,Q,354,H,Q354H,training,1800,0.005803,-55.0,-0.12,-2,1.078,0,4.0,79,0.0,0.0,functional
1095,Q,354,L,Q354L,training,1800,-0.004168,-38.0,0.585,0,1.078,0,2.0,79,0.0,0.0,functional
1096,Q,354,P,Q354P,training,1800,0.000525,-23.0,0.037,0,1.078,0,3.0,79,0.0,0.0,functional
1097,A,355,D,A355D,validation,1230,-0.001348,-40.0,-0.344,0,1.051,0,4.0,39,0.0,0.0,functional
1098,A,355,G,A355G,validation,1230,-0.003111,-54.0,-0.015,0,1.051,0,5.0,39,0.0,0.0,functional
1099,A,355,P,A355P,validation,1230,-0.005081,-76.0,-0.179,0,1.051,0,5.0,39,0.0,0.0,functional
1100,A,355,S,A355S,validation,1230,-0.001515,-82.0,-0.384,0,1.051,0,5.0,39,0.0,0.0,functional
1101,A,355,T,A355T,validation,1230,-0.000218,-73.0,-0.367,0,1.051,0,5.0,39,0.0,0.0,functional
1102,G,356,A,G356A,training,1040,-0.003111,-63.0,0.0,0,1.066,0,5.0,7,0.0,0.0,functional
1103,G,356,E,G356E,training,1040,-0.000113,-58.0,0.0,0,1.066,0,4.0,7,0.0,0.0,functional
1104,G,356,V,G356V,training,1040,0.001995,-39.0,0.0,0,1.066,0,4.0,7,0.0,0.0,functional
1105,K,357,E,K357E,training,869,-0.009604,-26.0,0.0,1,1.102,0,4.0,0,0.0,0.0,functional
1106,K,357,M,K357M,training,869,-0.004667,-21.0,0.0,1,1.102,0,2.0,0,0.0,0.0,functional
1107,K,357,N,K357N,training,869,0.006158,-19.0,0.0,1,1.102,0,4.0,0,0.0,0.0,functional
1108,K,357,Q,K357Q,training,869,0.002349,-26.0,0.0,1,1.102,0,4.0,0,0.0,0.0,functional
1109,K,357,R,K357R,training,869,0.007273,-44.0,0.0,-1,1.102,0,5.0,0,0.0,0.0,functional
1110,K,357,T,K357T,training,869,-0.005895,-18.0,0.0,1,1.102,0,4.0,0,0.0,0.0,functional
1119,G,360,E,G360E,training,533,-0.000113,-47.0,0.0,0,1.047,0,4.0,0,0.0,0.0,functional
1120,G,360,W,G360W,training,533,-0.012366,26.0,0.0,0,1.047,0,3.0,0,0.0,0.0,functional
1121,G,361,A,G361A,validation,582,-0.003111,-40.0,0.0,0,1.057,0,5.0,0,0.0,0.0,functional
1122,G,361,V,G361V,validation,582,0.001995,-28.0,0.0,0,1.057,0,4.0,0,0.0,0.0,functional
1123,G,361,W,G361W,validation,582,-0.012366,23.0,0.0,0,1.057,0,3.0,0,0.0,0.0,functional
1124,S,362,C,S362C,training,493,0.001837,-19.0,0.0,0,1.021,0,4.0,0,0.0,0.0,functional
1125,S,362,I,S362I,training,493,0.001538,1.0,0.0,0,1.021,0,2.0,0,0.0,0.0,functional
1126,S,362,N,S362N,training,493,0.006249,-21.0,0.0,0,1.021,0,5.0,0,0.0,0.0,functional
1127,S,362,R,S362R,training,493,-0.00118,-8.0,0.0,-2,1.021,0,3.0,0,0.0,0.0,functional
1128,S,362,T,S362T,training,493,-0.002393,-30.0,0.0,0,1.021,0,5.0,0,0.0,0.0,functional
1129,R,363,G,R363G,training,607,0.002466,39.0,0.0,2,1.021,0,3.0,0,0.0,0.0,functional
1130,R,363,K,R363K,training,607,0.007273,-42.0,0.0,1,1.021,0,5.0,0,0.0,0.0,functional
1131,R,363,M,R363M,training,607,-0.004676,10.0,0.0,2,1.021,0,2.0,0,0.0,0.0,functional
1132,R,363,S,R363S,training,607,-0.00118,23.0,0.0,2,1.021,0,3.0,0,0.0,0.0,functional
1133,R,363,T,R363T,training,607,0.003967,4.0,0.0,2,1.021,0,3.0,0,0.0,0.0,functional
1134,R,363,W,R363W,training,607,-0.014845,44.0,0.0,2,1.021,0,2.0,0,0.0,0.0,functional
1135,A,364,D,A364D,training,616,-0.001348,-11.0,0.0,0,1.047,0,4.0,0,0.0,0.0,functional
1136,A,364,G,A364G,training,616,-0.003111,-25.0,0.0,0,1.047,0,5.0,0,0.0,0.0,functional
1137,A,364,P,A364P,training,616,-0.005081,-37.0,0.0,0,1.047,0,5.0,0,0.0,0.0,functional
1138,A,364,S,A364S,training,616,-0.001515,-63.0,0.0,0,1.047,0,5.0,0,0.0,0.0,functional
1139,H,365,D,H365D,training,615,-0.002501,11.0,0.0,2,1.046,0,3.0,0,0.0,0.0,functional
1140,H,365,L,H365L,training,615,-0.004529,-13.0,0.0,2,1.046,0,3.0,0,0.0,0.0,functional
1141,H,365,N,H365N,training,615,0.008099,-8.0,0.0,2,1.046,0,4.0,0,0.0,0.0,functional
1142,H,365,P,H365P,training,615,-0.002032,6.0,0.0,2,1.046,0,3.0,0,0.0,0.0,functional
1143,H,365,Q,H365Q,training,615,0.005803,-38.0,0.0,2,1.046,0,4.0,0,0.0,0.0,functional
1144,H,365,R,H365R,training,615,0.009985,-25.0,0.0,0,1.046,0,4.0,0,0.0,0.0,functional
1145,S,366,C,S366C,training,514,0.001837,-41.0,0.0,0,1.03,0,4.0,0,0.0,0.0,functional
1146,S,366,F,S366F,training,514,-0.001223,-5.0,0.0,0,1.03,0,3.0,0,0.0,0.0,functional
1147,S,366,P,S366P,training,514,-0.003125,-12.0,0.0,0,1.03,0,4.0,0,0.0,0.0,functional
1148,S,366,T,S366T,training,514,-0.002393,-48.0,0.0,0,1.03,0,5.0,0,0.0,0.0,functional
1149,S,366,Y,S366Y,training,514,-0.001895,5.0,0.0,0,1.03,0,3.0,0,0.0,0.0,functional
1150,S,367,C,S367C,training,494,0.001837,-45.0,0.0,0,1.022,0,4.0,0,0.0,0.0,functional
1151,S,367,G,S367G,training,494,-0.003528,-38.0,0.0,0,1.022,0,5.0,0,0.0,0.0,functional
1152,S,367,I,S367I,training,494,0.001538,-24.0,0.0,0,1.022,0,2.0,0,0.0,0.0,functional
1153,S,367,R,S367R,training,494,-0.00118,-45.0,0.0,-2,1.022,0,3.0,0,0.0,0.0,functional
1154,S,367,T,S367T,training,494,-0.002393,-60.0,0.0,0,1.022,0,5.0,0,0.0,0.0,functional
1155,H,368,D,H368D,validation,534,-0.002501,11.0,0.0,2,0.97,0,3.0,0,0.0,0.0,functional
1156,H,368,L,H368L,validation,534,-0.004529,-28.0,0.0,2,0.97,0,3.0,0,0.0,0.0,functional
1157,H,368,N,H368N,validation,534,0.008099,-30.0,0.0,2,0.97,0,4.0,0,0.0,0.0,functional
1158,H,368,P,H368P,validation,534,-0.002032,-11.0,0.0,2,0.97,0,3.0,0,0.0,0.0,functional
1159,H,368,Q,H368Q,validation,534,0.005803,-38.0,0.0,2,0.97,0,4.0,0,0.0,0.0,functional
1160,H,368,R,H368R,validation,534,0.009985,-15.0,0.0,0,0.97,0,4.0,0,0.0,0.0,functional
1161,H,368,Y,H368Y,validation,534,0.007276,-60.0,0.0,2,0.97,0,3.0,0,0.0,0.0,functional
1162,L,369,M,L369M,validation,437,-0.002531,-45.0,0.0,0,0.981,0,5.0,0,0.0,0.0,functional
1163,L,369,P,L369P,validation,437,-0.005026,-18.0,0.0,0,0.981,0,3.0,0,0.0,0.0,functional
1164,L,369,Q,L369Q,validation,437,-0.004168,-28.0,0.0,0,0.981,0,2.0,0,0.0,0.0,functional
1165,L,369,R,L369R,validation,437,-0.001302,-13.0,0.0,-2,0.981,0,2.0,0,0.0,0.0,functional
1166,L,369,V,L369V,validation,437,-0.00194,-36.0,0.0,0,0.981,0,5.0,0,0.0,0.0,functional
1167,K,370,E,K370E,validation,424,-0.009604,-18.0,0.0,1,0.981,0,4.0,0,0.0,0.0,functional
1168,K,370,M,K370M,validation,424,-0.004667,-29.0,0.0,1,0.981,0,2.0,0,0.0,0.0,functional
1169,K,370,N,K370N,validation,424,0.006158,-7.0,0.0,1,0.981,0,4.0,0,0.0,0.0,functional
1170,K,370,Q,K370Q,validation,424,0.002349,-30.0,0.0,1,0.981,0,4.0,0,0.0,0.0,functional
1171,K,370,R,K370R,validation,424,0.007273,-43.0,0.0,-1,0.981,0,5.0,0,0.0,0.0,functional
1172,K,370,T,K370T,validation,424,-0.005895,-17.0,0.0,1,0.981,0,4.0,0,0.0,0.0,functional
1173,S,371,A,S371A,training,490,-0.001515,-41.0,0.0,0,0.964,0,5.0,0,0.0,0.0,functional
1174,S,371,C,S371C,training,490,0.001837,3.0,0.0,0,0.964,0,4.0,0,0.0,0.0,functional
1175,S,371,F,S371F,training,490,-0.001223,16.0,0.0,0,0.964,0,3.0,0,0.0,0.0,functional
1176,S,371,P,S371P,training,490,-0.003125,-6.0,0.0,0,0.964,0,4.0,0,0.0,0.0,functional
1177,S,371,T,S371T,training,490,-0.002393,-43.0,0.0,0,0.964,0,5.0,0,0.0,0.0,functional
1178,S,371,Y,S371Y,training,490,-0.001895,28.0,0.0,0,0.964,0,3.0,0,0.0,0.0,functional
1179,K,372,E,K372E,training,438,-0.009604,14.0,0.0,1,0.964,0,4.0,0,0.0,0.0,functional
1180,K,372,I,K372I,training,438,0.000855,9.0,0.0,1,0.964,0,2.0,0,0.0,0.0,functional
1181,K,372,N,K372N,training,438,0.006158,15.0,0.0,1,0.964,0,4.0,0,0.0,0.0,functional
1182,K,372,Q,K372Q,training,438,0.002349,-11.0,0.0,1,0.964,0,4.0,0,0.0,0.0,functional
1183,K,372,R,K372R,training,438,0.007273,-52.0,0.0,-1,0.964,0,5.0,0,0.0,0.0,functional
1184,K,372,T,K372T,training,438,-0.005895,13.0,0.0,1,0.964,0,4.0,0,0.0,0.0,functional
1195,Q,375,E,Q375E,training,457,-0.005234,-35.0,0.0,0,1.03,0,4.0,0,0.0,0.0,functional
1196,Q,375,H,Q375H,training,457,0.005803,-43.0,0.0,-2,1.03,0,4.0,0,0.0,0.0,functional
1197,Q,375,L,Q375L,training,457,-0.004168,-28.0,0.0,0,1.03,0,2.0,0,0.0,0.0,functional
1198,Q,375,P,Q375P,training,457,0.000525,-16.0,0.0,0,1.03,0,3.0,0,0.0,0.0,functional
1199,Q,375,R,Q375R,training,457,-0.00121,-36.0,0.0,-2,1.03,0,3.0,0,0.0,0.0,functional
1200,S,376,A,S376A,validation,515,-0.001515,-43.0,0.0,0,0.985,0,5.0,0,0.0,0.0,functional
1201,S,376,C,S376C,validation,515,0.001837,-33.0,0.0,0,0.985,0,4.0,0,0.0,0.0,functional
1202,S,376,F,S376F,validation,515,-0.001223,10.0,0.0,0,0.985,0,3.0,0,0.0,0.0,functional
1203,S,376,P,S376P,validation,515,-0.003125,-21.0,0.0,0,0.985,0,4.0,0,0.0,0.0,functional
1204,S,376,T,S376T,validation,515,-0.002393,-51.0,0.0,0,0.985,0,5.0,0,0.0,0.0,functional
1205,S,376,Y,S376Y,validation,515,-0.001895,7.0,0.0,0,0.985,0,3.0,0,0.0,0.0,functional
1206,T,377,A,T377A,training,577,-0.000218,-34.0,0.0,0,1.011,0,5.0,0,0.0,0.0,functional
1207,T,377,N,T377N,training,577,-0.005914,-9.0,0.0,0,1.011,0,4.0,0,0.0,0.0,functional
1208,T,377,S,T377S,training,577,-0.002393,-49.0,0.0,0,1.011,0,5.0,0,0.0,0.0,functional
1213,R,379,G,R379G,training,488,0.002466,30.0,0.0,2,0.965,0,3.0,0,0.0,0.0,functional
1214,R,379,L,R379L,training,488,-0.001302,-21.0,0.0,2,0.965,0,2.0,0,0.0,0.0,functional
1215,R,379,S,R379S,training,488,-0.00118,-31.0,0.0,2,0.965,0,3.0,0,0.0,0.0,functional
1216,H,380,D,H380D,training,544,-0.002501,37.0,0.0,2,0.96,0,3.0,0,0.0,0.0,functional
1217,H,380,L,H380L,training,544,-0.004529,-4.0,0.0,2,0.96,0,3.0,0,0.0,0.0,functional
1218,H,380,N,H380N,training,544,0.008099,5.0,0.0,2,0.96,0,4.0,0,0.0,0.0,functional
1219,H,380,P,H380P,training,544,-0.002032,23.0,0.0,2,0.96,0,3.0,0,0.0,0.0,functional
1220,H,380,Q,H380Q,training,544,0.005803,-30.0,0.0,2,0.96,0,4.0,0,0.0,0.0,functional
1221,H,380,R,H380R,training,544,0.009985,-44.0,0.0,0,0.96,0,4.0,0,0.0,0.0,functional
1228,K,382,E,K382E,training,417,-0.009604,64.0,0.0,1,0.946,0,4.0,0,0.0,0.0,functional
1229,K,382,I,K382I,training,417,0.000855,31.0,0.0,1,0.946,0,2.0,0,0.0,0.0,functional
1230,K,382,Q,K382Q,training,417,0.002349,35.0,0.0,1,0.946,0,4.0,0,0.0,0.0,functional
1231,K,382,R,K382R,training,417,0.007273,-14.0,0.0,-1,0.946,0,5.0,0,0.0,0.0,functional
1232,K,382,T,K382T,training,417,-0.005895,29.0,0.0,1,0.946,0,4.0,0,0.0,0.0,functional
1238,M,384,K,M384K,training,376,-0.004667,28.0,0.0,-1,0.907,0,2.0,0,0.0,0.0,functional
1239,M,384,L,M384L,training,376,-0.002531,-46.0,0.0,0,0.907,0,5.0,0,0.0,0.0,functional
1240,M,384,R,M384R,training,376,-0.004676,9.0,0.0,-2,0.907,0,2.0,0,0.0,0.0,functional
1241,M,384,T,M384T,training,376,-0.00219,29.0,0.0,0,0.907,0,3.0,0,0.0,0.0,functional
1242,F,385,C,F385C,training,443,-0.013925,-11.0,0.0,0,0.896,0,3.0,0,0.0,0.0,functional
1243,F,385,I,F385I,training,443,-0.009792,-21.0,0.0,0,0.896,0,4.0,0,0.0,0.0,functional
1244,F,385,L,F385L,training,443,-0.002127,-10.0,0.0,0,0.896,0,4.0,0,0.0,0.0,functional
1245,F,385,S,F385S,training,443,-0.001223,39.0,0.0,0,0.896,0,3.0,0,0.0,0.0,functional
1246,F,385,V,F385V,training,443,8e-06,-43.0,0.0,0,0.896,0,4.0,0,0.0,0.0,functional
1247,F,385,Y,F385Y,training,443,-0.003256,31.0,0.0,0,0.896,0,5.0,0,0.0,0.0,functional
1248,K,386,E,K386E,validation,509,-0.009604,61.0,0.0,1,0.9,0,4.0,0,0.0,0.0,functional
1249,K,386,M,K386M,validation,509,-0.004667,35.0,0.0,1,0.9,0,2.0,0,0.0,0.0,functional
1250,K,386,N,K386N,validation,509,0.006158,63.0,0.0,1,0.9,0,4.0,0,0.0,0.0,functional
1251,K,386,Q,K386Q,validation,509,0.002349,47.0,0.0,1,0.9,0,4.0,0,0.0,0.0,functional
1252,K,386,R,K386R,validation,509,0.007273,38.0,0.0,-1,0.9,0,5.0,0,0.0,0.0,functional
1253,K,386,T,K386T,validation,509,-0.005895,42.0,0.0,1,0.9,0,4.0,0,0.0,0.0,functional
1254,T,387,A,T387A,validation,476,-0.000218,-54.0,0.0,0,0.894,0,5.0,0,0.0,0.0,functional
1255,T,387,I,T387I,validation,476,-0.004179,-2.0,0.0,0,0.894,0,3.0,0,0.0,0.0,functional
1256,T,387,K,T387K,validation,476,-0.005895,-70.0,0.0,-1,0.894,0,4.0,0,0.0,0.0,functional
1257,T,387,P,T387P,validation,476,0.005402,-51.0,0.0,0,0.894,0,4.0,0,0.0,0.0,functional
1258,T,387,R,T387R,validation,476,0.003967,-67.0,0.0,-2,0.894,0,3.0,0,0.0,0.0,functional
1259,T,387,S,T387S,validation,476,-0.002393,-70.0,0.0,0,0.894,0,5.0,0,0.0,0.0,functional
1260,E,388,D,E388D,training,489,0.002194,25.0,0.0,0,0.899,0,5.0,0,0.0,0.0,functional
1261,E,388,G,E388G,training,489,-0.000113,64.0,0.0,0,0.899,0,4.0,0,0.0,0.0,functional
1262,E,388,K,E388K,training,489,-0.009604,57.0,0.0,-1,0.899,0,4.0,0,0.0,0.0,functional
1263,E,388,Q,E388Q,training,489,-0.005234,37.0,0.0,0,0.899,0,4.0,0,0.0,0.0,functional
1264,E,388,V,E388V,training,489,0.001387,4.0,0.0,0,0.899,0,4.0,0,0.0,0.0,functional
1276,D,391,A,D391A,training,415,-0.001348,8.0,0.0,0,0.967,0,4.0,0,0.0,0.0,functional
1277,D,391,E,D391E,training,415,0.002194,-35.0,0.0,0,0.967,0,5.0,0,0.0,0.0,functional
1278,D,391,G,D391G,training,415,0.001528,22.0,0.0,0,0.967,0,4.0,0,0.0,0.0,functional
1279,D,391,H,D391H,training,415,-0.002501,32.0,0.0,-2,0.967,0,3.0,0,0.0,0.0,functional
1280,D,391,N,D391N,training,415,0.007855,8.0,0.0,0,0.967,0,5.0,0,0.0,0.0,functional
1281,D,391,V,D391V,training,415,9.2e-05,25.0,0.0,0,0.967,0,3.0,0,0.0,0.0,functional
1282,D,391,Y,D391Y,training,415,0.000182,36.0,0.0,0,0.967,0,2.0,0,0.0,0.0,functional
1283,S,392,A,S392A,validation,415,-0.001515,9.0,0.0,0,0.959,0,5.0,0,0.0,0.0,functional
1284,S,392,L,S392L,validation,415,0.001004,43.0,0.0,0,0.959,0,2.0,0,0.0,0.0,functional
1285,S,392,P,S392P,validation,415,-0.003125,45.0,0.0,0,0.959,0,4.0,0,0.0,0.0,functional
1286,S,392,T,S392T,validation,415,-0.002393,-31.0,0.0,0,0.959,0,5.0,0,0.0,0.0,functional
